tiempo,carga,extension_de_traccion,esfuerzo_de_traccion,deformacion,deformacion_media,desplazamiento_deformacion_uno,desplazamiento_deformacion_dos
0,0.50655,0,0.01266,0,0,-0.00077,0
0.1,1.00416,0.00516,0.0251,0,0,-0.00045,0
0.2,3.58706,0.01547,0.08968,0,0,0.00198,0
0.3,5.98268,0.02453,0.14957,0,0,0.00334,0
0.4,8.25369,0.03359,0.20634,0,0,0.00517,0
0.5,10.14306,0.04125,0.25358,0,0,0.00693,0
0.6,12.18995,0.05016,0.30475,0,0,0.00867,0
0.7,14.0276,0.05828,0.35069,0,0,0.01024,0
0.8,16.40675,0.06672,0.41017,0,0,0.01179,0
0.9,18.08768,0.07484,0.45219,0,0,0.01332,0
1,20.31559,0.08344,0.50789,0,0,0.01483,0
1.1,22.21672,0.09219,0.55542,0,0,0.01647,0
1.2,23.95642,0.09953,0.59891,0,0,0.01801,0
1.3,26.07148,0.10844,0.65179,0,0,0.0194,0
1.4,27.94205,0.11656,0.69855,0,0,0.02109,0
1.5,30.05868,0.12531,0.75147,0,0,0.02282,0
1.6,31.67613,0.13328,0.7919,0,0,0.02368,0
1.7,34.09212,0.14172,0.8523,0,0,0.02089,0
1.8,35.8804,0.15,0.89701,0,0,0.02124,0
1.9,39.84566,0.15797,0.99614,0,0,0.01751,0
2,41.98345,0.16641,1.04959,0,0,0.00298,0
2.1,43912,0.17484,1.0978,0,0,-0.00364,0
2.2,45.99807,0.18391,1.14995,0,0,0.00883,0
2.3,47.53011,0.19141,1.18825,0,0,0.00514,0
2.4,49.6632,0.20016,1.24158,0,0,0.00524,0
2.5,51.50398,0.20812,1.2876,0,0,0.01248,0
2.6,53.69114,0.21641,1.34228,0,0,0.00578,0
2.7,55.54761,225,1.38869,0,0,0.01327,0
2.8,57.51534,0.23297,1.43788,0,0,0.01627,0
2.9,59.33732,0.24234,1.48343,0,0,0.00957,0
3,61.13971,0.24984,1.52849,0,0,19,0
3.1,62.59103,0.25875,1.56478,0,0,0.01936,0
3.2,63.84486,0.26656,1.59612,0,0,0.01516,0
3.3,65.08694,0.27516,1.62717,0,0,0.02235,0
3.4,66.25145,0.28328,1.65629,0,0,0.01849,0
3.5,67.46767,0.29172,1.68669,0,0,0.02029,0
3.6,68.19097,0.3,1.70477,0,0,0.02436,0
3.7,68.27717,0.30766,1.70693,0,0,0.01808,0
3.8,69.2967,0.31719,1.73242,0,0,0.02227,0
3.9,70.78093,0.32453,1.76952,0,0,0.02564,0
4,72.42737,0.33375,1.81068,0,0,0.02226,0
4.1,73.57385,0.34156,1.83935,0,0,0.02693,0
4.2,75.4162,0.35016,1.88541,0,0,0.02642,0
4.3,76.67082,0.35828,1.91677,0,0,0.02568,0
4.4,78.30395,0.36609,1.9576,0,0,0.03039,0
4.5,79.57659,0.37516,1.98941,0,0,0.02882,0
4.6,81.21598,0.38312,2.0304,0,0,0.03034,0
4.7,82.94314,0.39219,2.07358,0,0,0.03445,0
4.8,84.23851,0.39984,2.10596,0,0,0.0325,0
4.9,86.20076,0.40891,2.15502,0,0,0.03596,0
5,87.34097,0.41656,2.18352,0,0,0.0378,0
5.1,89.32046,0.42484,2.23301,0,0,0.03734,0
5.2,90.53747,0.43328,2.26344,0,0,0.0408,0
5.3,92.68466,0.44141,2.31712,0,0,0.04156,0
5.4,94.18535,0.45047,2.35463,0,0,0.04189,0
5.5,95.78399,0.45766,2.3946,0,0,0.0452,0
5.6,97.60911,0.46719,2.44023,0,0,0.04519,0
5.7,99.53609,0.47484,2.4884,0,0,0.04681,0
5.8,101.36748,0.48328,2.53419,0,0,0.04963,0
5.9,102.79764,0.49156,2.56994,0,0,0.04944,0
6,104.82963,0.49984,2.62074,0,0,0.0521,0
6.1,106556,0.50875,2.6639,0,0,0.05372,0
6.2,108.34585,0.51594,2.70865,0,0,0.05397,0
6.3,110.40136,0.52531,2.76003,0,0,0.05666,0
6.4,112.02509,0.53312,2.80063,0,0,0.05788,0
6.5,114.07275,0.54203,2.85182,0,0,0.05899,0
6.6,115.58755,0.54984,2.88969,0,0,0.06121,0
6.7,117.73788,0.55859,2.94345,0,0,0.06215,0
6.8,119.42351,0.56687,2.98559,0,0,0.06356,0
6.9,121.29407,0.57437,3.03235,0,0,0.06583,0
7,123.0894,0.58359,3.07723,0,0,0.06635,0
7.1,124.76093,0.59125,3.11902,0,0,0.06845,0
7.2,126.82427,0.60062,3.17061,0,0,0.07044,0
7.3,128.5867,0.60797,3.21467,0,0,0.07066,0
7.4,130.45256,0.61687,3.26131,0,0,0.07328,0
7.5,132.43284,0.62516,3.31082,0,0,0.07466,0
7.6,134.14746,0.63281,3.35369,0,0,0.07584,0
7.7,135.75942,0.64156,3.39399,0,0,0.07774,0
7.8,137.77575,0.64969,3.44439,0,0,0.07888,0
7.9,139.77953,0.65859,3.49449,0,0,0.08021,0
8,141.34134,0.66625,3.53353,0,0,0.08237,0
8.1,143.10064,0.67516,3.57752,0,0,0.08314,0
8.2,144.94612,0.68312,3.62365,0,0,0.08511,0
8.3,146.87546,0.69172,3.67189,0,0,0.08715,0
8.4,148.42865,0.69984,3.71072,0,0,0.08778,0
8.5,150.75686,0.70844,3.76892,0,0,0.09004,0
8.6,152.38059,0.71719,3.80951,0,0,0.09155,0
8.7,154.22921,0.72453,3.85573,0,0,0.09269,0
8.8,156.03004,0.73359,3.90075,0,0,0.09492,0
8.9,157.78698,0.74172,3.94467,0,0,0.09604,0
9,159.59172,0.75031,3.98979,0,0,0.0974,0
9.1,161.36197,0.75828,4.03405,0,0,0.09926,0
9.2,163.40808,0.76672,4.0852,0,0,0.10063,0
9.3,165.18461,775,4.12962,0,0,0.10229,0
9.4,167.06693,0.78297,4.17667,0,0,0.10393,0
9.5,168.62403,0.79141,4.2156,0,0,0.10506,0
9.6,170.7101,0.79969,4.26775,0,0,0.10707,0
9.7,172.65668,0.80891,4.31642,0,0,0.10857,0
9.8,173.98027,0.81641,4.34951,0,0,0.10959,0
9.9,176.32416,0.82516,4.4081,0,0,0.11174,0
10,177.70416,0.83312,4.4426,0,0,0.1128,0
10.1,179.87721,0.84141,4.49693,0,0,0.11456,0
10.2,181555,0.85,4.53888,0,0,0.11627,0
10.3,183.52353,0.85797,4.58809,0,0,0.11753,0
10.4,185.26166,0.86734,4.63154,0,0,0.11915,0
10.5,186.91985,0.87484,4673,0,0,0.12086,0
10.6,188.86487,0.88375,4.72162,0,0,0.12211,0
10.7,190.61554,0.89156,4.76539,0,0,0.12385,0
10.8,192.52215,0.90016,4.81305,0,0,0.12567,0
10.9,194.08631,0.90828,4.85216,0,0,0.12678,0
11,196.19353,0.91656,4.90484,0,0,0.1286,0
11.1,197.85878,925,4.94647,0,0,0.12989,0
11.2,199.63218,0.93281,4.9908,0,0,0.13131,0
11.3,201.70258,0.94219,5.04256,0,0,0.13332,0
11.4,203.18367,0.94969,5.07959,0,0,0.13436,0
11.5,205.28149,0.95875,5.13204,0,0,0.13613,0
11.6,206.91226,0.96656,5.17281,0,0,0.13762,0
11.7,208.79067,0.97516,5.21977,0,0,0.13895,0
11.8,210.43085,0.98328,5.26077,0,0,0.14069,0
11.9,212.37822,0.99109,5.30946,0,0,0.14236,0
12,214.25583,1.00016,5.3564,0,0,0.14351,0
12.1,216.19457,1.00812,5.40486,0,0,0.1455,0
12.2,218.02126,1.01719,5.45053,0,0,0.14696,0
12.3,219.35659,1.02484,5.48391,0,0,0.14836,0
12.4,221.81803,1.03375,5.54545,0,0,0.15044,0
12.5,223.13378,1.04156,5.57834,0,0,0.15144,0
12.6,225.1501,1.04984,5.62875,0,0,0.1531,0
12.7,226.93367,1.05828,5.67334,0,0,0.15492,0
12.8,228.68279,1.06641,5.71707,0,0,0.15614,0
12.9,230.69833,1.07547,5.76746,0,0,0.15775,0
13,232.13318,1.08266,5.80333,0,0,0.1592,0
13.1,234.2412,1.09234,5.85603,0,0,0.16078,0
13.2,235.93935,1.09984,5.89848,0,0,0.16246,0
13.3,237864,1.10828,5.9466,0,0,0.16388,0
13.4,239.42504,1.11656,5.98563,0,0,0.1653,0
13.5,241.3434,1.12484,6.03359,0,0,0.16706,0
13.6,243.14343,1.13359,6.07859,0,0,0.16822,0
13.7,244.91134,1.14094,6.12278,0,0,0.17015,0
13.8,246.73019,1.15031,6.16825,0,0,0.1717,0
13.9,248.55295,1.15812,6.21382,0,0,0.17322,0
14,250.2237,1.16719,6.25559,0,0,0.17487,0
14.1,252.08956,1175,6.30224,0,0,0.17628,0
14.2,254.05965,1.18375,6.35149,0,0,0.17787,0
14.3,255.77662,1.19187,6.39442,0,0,0.17954,0
14.4,257.44501,1.19937,6.43613,0,0,0.18103,0
14.5,259.31087,1.20859,6.48277,0,0,0.18243,0
14.6,260.9056,1.21625,6.52264,0,0,0.18417,0
14.7,263.05513,1.22562,6.57638,0,0,0.18555,0
14.8,264.41163,1.23312,6.61029,0,0,0.18703,0
14.9,266.37467,1.24203,6.65937,0,0,0.18883,0
15,268.2758,1.25,6.70689,0,0,0.19011,0
15.1,269.90736,1.25797,6.74768,0,0,0.19196,0
15.2,271.53499,1.26656,6.78837,0,0,0.19336,0
15.3,273.40243,1.27469,6.83506,0,0,0.19486,0
15.4,275.25183,1.28375,6.8813,0,0,0.19662,0
15.5,276.63731,1.29125,6.91593,0,0,0.19784,0
15.6,278.7563,1.30031,6.96891,0,0,0.19952,0
15.7,280.40509,1.30812,7.01013,0,0,0.20121,0
15.8,282.38459,1.31672,7.05961,0,0,0.20276,0
15.9,284.11802,1.32484,7.10295,0,0,0.20412,0
16,285.81619,1.33344,7.1454,0,0,0.20594,0
16.1,287.50182,1.34219,7.18755,0,0,0.2071,0
16.2,289.46092,1.34953,7.23652,0,0,0.20875,0
16.3,291,1.35859,7275,0,0,0.21033,0
16.4,292.74363,1.36656,7.31859,0,0,0.2118,0
16.5,294.71449,1.37531,7.36786,0,0,0.21353,0
16.6,296.22382,1.38328,7.4056,0,0,0.21468,0
16.7,298.1022,1.39172,7.45256,0,0,0.21644,0
16.8,299.92654,1.4,7.49816,0,0,0.2178,0
16.9,301.77673,1.40797,7.54442,0,0,0.21964,0
17,303.40906,1.41641,7.58523,0,0,0.22092,0
17.1,305.18402,1.42469,7.6296,0,0,0.22264,0
17.2,307.00681,1.43391,7.67517,0,0,0.22405,0
17.3,308.53648,1.44141,7.71341,0,0,0.22566,0
17.4,310.67035,1.45016,7.76676,0,0,0.22721,0
17.5,312.05036,1.45812,7.80126,0,0,0.22852,0
17.6,314.0996,1.46641,7.85249,0,0,0.23016,0
17.7,315.53211,1475,7.8883,0,0,0.2315,0
17.8,317.30942,1.48297,7.93274,0,0,0.23322,0
17.9,319.20897,1.49234,7.98022,0,0,0.23478,0
18,320.87422,1.49984,8.02186,0,0,0.23628,0
18.1,322.4619,1.50875,8.06155,0,0,0.23775,0
18.2,324.47353,1.51656,8.11184,0,0,0.23917,0
18.3,326.22577,1.52516,8.15564,0,0,0.24077,0
18.4,327.82676,1.53312,8.19567,0,0,0.24208,0
18.5,329.78978,1.54156,8.24474,0,0,0.24382,0
18.6,331.15961,1.55,8.27899,0,0,0.24505,0
18.7,332.81937,1.55781,8.32048,0,0,0.2466,0
18.8,334.77065,1.56719,8.36927,0,0,0.24834,0
18.9,336.25958,1.57469,8.40649,0,0,0.2493,0
19,338.18108,1.58375,8.45453,0,0,0.25109,0
19.1,339.8244,1.59156,8.49561,0,0,0.2523,0
19.2,341.56253,1.60016,8.53906,0,0,0.25405,0
19.3,343.25598,1.60828,8.5814,0,0,0.25545,0
19.4,345.07327,1.61609,8.62683,0,0,0.25698,0
19.5,346.60529,1.62516,8.66513,0,0,0.25817,0
19.6,348.51974,1.63312,8.71299,0,0,0.25923,0
19.7,350.28923,1.64219,8.75723,0,0,0.2604,0
19.8,351.65199,1.64984,8.7913,0,0,0.26148,0
19.9,353.48416,1.65891,8.8371,0,0,0.26259,0
20,354.92843,1.66656,8.87321,0,0,0.26363,0
20.1,356.88048,1.67484,8.92201,0,0,0.26479,0
20.2,358.26049,1.68328,8.95651,0,0,0.26629,0
20.3,360.08169,1.69141,9.00204,0,0,0.26741,0
20.4,361.79551,1.70047,9.04489,0,0,0.26887,0
20.5,363.28679,1.70766,9.08217,0,0,0.27047,0
20.6,365.1174,1.71719,9.12794,0,0,0.27219,0
20.7,366785,1.72484,9.16963,0,0,0.27369,0
20.8,368.77233,1.73328,9.21931,0,0,0.2752,0
20.9,370197,1.74156,9.25492,0,0,0.27651,0
21,371.8795,1.74984,9.29699,0,0,0.27798,0
21.1,373.78534,1.75875,9.34463,0,0,0.27985,0
21.2,375.06737,1.76594,9.37668,0,0,0.28098,0
21.3,377.08292,1.77531,9.42707,0,0,0.28266,0
21.4,378.66042,1.78312,9.46651,0,0,0.28413,0
21.5,380.68849,1.79203,9.51721,0,0,0.28575,0
21.6,382.03243,1.8,9.55081,0,0,0.28723,0
21.7,384.04642,1.80875,9.60116,0,0,0.28885,0
21.8,385.50792,1.81687,9.6377,0,0,0.29041,0
21.9,387.3683,1.82437,9.68421,0,0,0.29183,0
22,388.9113,1.83359,9.72278,0,0,0.29342,0
22.1,390.53895,1.84141,9.76347,0,0,0.29491,0
22.2,392.26217,1.85062,9.80655,0,0,0.29646,0
22.3,393.9799,1.85797,9.8495,0,0,0.29773,0
22.4,395.54802,1.86703,9.8887,0,0,0.29938,0
22.5,397.30966,1875,9.93274,0,0,0.30109,0
22.6,399.30008,1.88297,9.9825,0,0,0.30253,0
22.7,400.77334,1.89156,10.01933,0,0,0.30387,0
22.8,402.41983,1.89969,10.0605,0,0,0.3055,0
22.9,403.87502,1.90859,10.09688,0,0,0.30711,0
23,405.57948,1.91625,10.13949,0,0,0.30877,0
23.1,407.45707,1.92516,10.18643,0,0,0.31017,0
23.2,408.95934,1.93312,10.22398,0,0,0.31165,0
23.3,410.91531,1.94172,10.27288,0,0,0.31332,0
23.4,412.42228,1.95,10.31056,0,0,0.31458,0
23.5,414.22704,1.95844,10.35568,0,0,0.31615,0
23.6,415.63134,1.96719,10.39078,0,0,0.31767,0
23.7,417.53324,1.97453,10.43833,0,0,0.31921,0
23.8,419.12561,1.98344,10.47814,0,0,0.32068,0
23.9,420.8324,1.99156,10.52081,0,0,0.32219,0
24,422.53369,2.00031,10.56334,0,0,0.32395,0
24.1,424.02106,2.00828,10.60053,0,0,0.32532,0
24.2,425.92688,2.01672,10.64817,0,0,0.32686,0
24.3,427.45266,2025,10.68632,0,0,0.32829,0
24.4,429.01291,2.03297,10.72532,0,0,0.3301,0
24.5,430.86074,2.04141,10.77152,0,0,0.33147,0
24.6,432.41549,2.04969,10.81039,0,0,0.33294,0
24.7,434.26566,2.05891,10.85664,0,0,0.3344,0
24.8,435.57361,2.06641,10.88934,0,0,0.33574,0
24.9,437.50056,2.07516,10.93751,0,0,0.3373,0
25,439.0859,2.08312,10.97715,0,0,0.33887,0
25.1,440.82245,2.09141,11.02056,0,0,0.34072,0
25.2,442.1954,2.1,11.05488,0,0,0.34207,0
25.3,444.0017,2.10797,11.10004,0,0,0.34362,0
25.4,445.63799,2.11734,11.14095,0,0,0.34506,0
25.5,447.34241,2.12484,11.18356,0,0,0.34673,0
25.6,448.90107,2.13359,11.22253,0,0,0.34813,0
25.7,450.32809,2.14156,11.2582,0,0,0.34963,0
25.8,452.38361,2.15,11.30959,0,0,0.35146,0
25.9,453.84043,2.15828,11.34601,0,0,0.35269,0
26,455.53073,2.16656,11.38827,0,0,0.35415,0
26.1,457.03691,2175,11.42592,0,0,0.35567,0
26.2,458.76564,2.18281,11.46914,0,0,0.35707,0
26.3,460.4293,2.19219,11.51073,0,0,0.35892,0
26.4,461.88375,2.19969,11.54709,0,0,0.3601,0
26.5,463.81545,2.20875,11.59539,0,0,0.36187,0
26.6,465.08498,2.21656,11.62712,0,0,0.36336,0
26.7,466.8748,2.22516,11.67187,0,0,0.36467,0
26.8,468.46643,2.23328,11.71166,0,0,0.36641,0
26.9,470.1199,2.24109,11753,0,0,0.36809,0
27,471.75149,2.25016,11.79379,0,0,0.36955,0
27.1,473.30232,2.25797,11.83256,0,0,0.37095,0
27.2,475.1564,2.26719,11.87891,0,0,0.37251,0
27.3,476.68768,2.27484,11.91719,0,0,0.37375,0
27.4,478.25496,2.28391,11.95637,0,0,0.37573,0
27.5,479.80812,2.29156,11.9952,0,0,0.37695,0
27.6,481.7077,2.29984,12.04269,0,0,0.37865,0
27.7,483.06892,2.30828,12.07672,0,0,0.3802,0
27.8,484.79373,2.31641,12.11984,0,0,0.38155,0
27.9,486.45348,2.32547,12.16134,0,0,0.38313,0
28,487.92283,2.33266,12.19807,0,0,0.38459,0
28.1,489.71423,2.34219,12.24286,0,0,0.38605,0
28.2,491.05035,2.34984,12.27626,0,0,0.38761,0
28.3,492.9123,2.35828,12.32281,0,0,0.38934,0
28.4,494.37694,2.36656,12.35942,0,0,0.39063,0
28.5,496.00694,2.37484,12.40017,0,0,0.39239,0
28.6,497.64318,2.38375,12.44108,0,0,0.39394,0
28.7,499.06783,2.39094,12.4767,0,0,0.39518,0
28.8,500.90393,2.40031,12.5226,0,0,0.39668,0
28.9,502.51433,2.40812,12.56286,0,0,0.39822,0
29,504.05422,2.41703,12.60136,0,0,0.39973,0
29.1,505.45144,2.42484,12.63629,0,0,0.40117,0
29.2,507.29848,2.43375,12.68246,0,0,0.40309,0
29.3,508.75689,2.44187,12.71892,0,0,0.40438,0
29.4,510.41194,2.44937,12.7603,0,0,0.40576,0
29.5,511.84208,2.45859,12.79605,0,0,0.40728,0
29.6,513.41411,2.46641,12.83535,0,0,0.40925,0
29.7,515.0096,2.47562,12.87524,0,0,0.41048,0
29.8,516.58945,2.48297,12.91474,0,0,0.41186,0
29.9,518.33303,2.49187,12.95833,0,0,0.41348,0
30,519.74989,2.5,12.99375,0,0,0.41499,0
30.1,521.5358,2.50797,13.03839,0,0,0.41645,0
30.2,522.92207,2.51672,13.07305,0,0,0.41805,0
30.3,524.5646,2.52484,13.11411,0,0,0.4195,0
30.4,526.27688,2.53359,13.15692,0,0,0.42101,0
30.5,527.45473,2.54125,13.18637,0,0,0.42239,0
30.6,529.17874,2.55016,13.22947,0,0,0.4242,0
30.7,530.89415,2.55828,13.27235,0,0,0.42568,0
30.8,532.50454,2.56672,13.31261,0,0,0.42733,0
30.9,533.81869,2.57484,13.34547,0,0,0.42844,0
31,535.55919,2.58344,13.38898,0,0,0.43028,0
31.1,536.90393,2.59219,13.4226,0,0,0.43176,0
31.2,538.49709,2.59953,13.46243,0,0,0.43294,0
31.3,540.18586,2.60859,13.50465,0,0,0.43473,0
31.4,541.73511,2.61672,13.54338,0,0,0.43603,0
31.5,543.43408,2.62531,13.58585,0,0,0.43777,0
31.6,544.67455,2.63328,13.61686,0,0,0.43921,0
31.7,546.45892,2.64172,13.66147,0,0,0.44089,0
31.8,547.82797,2.65,13.6957,0,0,0.44231,0
31.9,549.52693,2.65797,13.73817,0,0,0.44392,0
32,550.97118,2.66641,13.77428,0,0,0.44514,0
32.1,552.59489,2.67469,13.81487,0,0,0.44685,0
32.2,554.20608,2.68391,13.85515,0,0,0.44834,0
32.3,555.46933,2.69141,13.88673,0,0,0.44988,0
32.4,557.36811,2.70031,13.9342,0,0,0.45141,0
32.5,558.43387,2.70812,13.96085,0,0,0.45286,0
32.6,560.32636,2.71641,14.00816,0,0,0.45457,0
32.7,561.88502,2.72516,14.04713,0,0,0.4559,0
32.8,563.27288,2.73297,14.08182,0,0,0.45752,0
32.9,564.90912,2.74219,14.12273,0,0,0.45902,0
33,566.42001,2.74984,14.1605,0,0,0.46042,0
33.1,567.91366,2.75875,14.19784,0,0,0.46213,0
33.2,569.1479,2.76656,14.2287,0,0,0.4635,0
33.3,571.29585,2775,14.2824,0,0,0.46531,0
33.4,572.26368,2.78328,14.30659,0,0,0.46663,0
33.5,573.93205,2.79172,14.3483,0,0,0.46808,0
33.6,575.38887,2.8,14.38472,0,0,0.46989,0
33.7,576.82139,2.80781,14.42054,0,0,0.47105,0
33.8,578.59165,2.81719,14.46479,0,0,0.47265,0
33.9,579.99124,2.82453,14.49978,0,0,0.47401,0
34,581.59926,2.83375,14.53998,0,0,0.47569,0
34.1,582.87503,2.84156,14.57188,0,0,477,0
34.2,584.52385,2.85016,14.6131,0,0,0.47875,0
34.3,585.92972,2.85828,14.64824,0,0,0.48017,0
34.4,587.48918,2.86609,14.68723,0,0,0.48182,0
34.5,589.03215,2.87516,14.7258,0,0,0.48338,0
34.6,590.49209,2.88312,14.7623,0,0,0.4849,0
34.7,591.90895,2.89219,14.79772,0,0,0.48656,0
34.8,593.50366,2.89984,14.83759,0,0,0.48775,0
34.9,595.27233,2.90891,14.88181,0,0,0.4896,0
35,596.37809,2.91656,14.90945,0,0,0.49106,0
35.1,598.05037,2.92484,14.95126,0,0,0.49235,0
35.2,599.41472,2.93328,14.98537,0,0,0.49412,0
35.3,601.05333,2.94141,15.02633,0,0,0.49546,0
35.4,602.45134,2.95047,15.06128,0,0,0.49706,0
35.5,603.67542,2.95766,15.09189,0,0,0.49845,0
35.6,605.47544,2.96719,15.13689,0,0,0.50004,0
35.7,606.78804,2.97484,15.1697,0,0,0.50145,0
35.8,608.32635,2.98328,15.20816,0,0,0.50316,0
35.9,609.9015,2.99156,15.24754,0,0,0.50478,0
36,611.25485,2.99984,15.28137,0,0,0.50629,0
36.1,612.83153,3.00859,15.32079,0,0,0.50783,0
36.2,614.08537,3.01594,15.35213,0,0,0.50919,0
36.3,615.66676,3.02531,15.39167,0,0,0.51065,0
36.4,617.11026,3.03312,15.42776,0,0,0.51224,0
36.5,618.6611,3.04203,15.46653,0,0,0.51408,0
36.6,619.89692,3.05,15.49742,0,0,0.51543,0
36.7,621.61544,3.05875,15.54039,0,0,0.51719,0
36.8,622.83091,3.06687,15.57077,0,0,0.51847,0
36.9,624.57765,3.07437,15.61444,0,0,0.51996,0
37,625.98349,3.08359,15.64959,0,0,0.52161,0
37.1,627.42149,3.09141,15.68554,0,0,0.52301,0
37.2,628.60404,3.10062,15.7151,0,0,0.52459,0
37.3,630.04517,3.10797,15.75113,0,0,0.52586,0
37.4,631.75429,3.11703,15.79386,0,0,0.52774,0
37.5,632.93134,3125,15.82328,0,0,0.52929,0
37.6,634.83166,3.13297,15.87079,0,0,0.53087,0
37.7,636.02123,3.14156,15.90053,0,0,0.5324,0
37.8,637.37226,3.14969,15.93431,0,0,0.53397,0
37.9,638.99206,3.15859,15.9748,0,0,0.53573,0
38,640.11579,3.16625,16.0029,0,0,0.53685,0
38.1,641.91585,3.17516,16.0479,0,0,0.53828,0
38.2,643.02315,3.18312,16.07558,0,0,0.53968,0
38.3,644.50973,3.19172,16.11274,0,0,0.5419,0
38.4,645675,3.19984,16.14187,0,0,0.54303,0
38.5,647.48446,3.20844,16.18711,0,0,0.54488,0
38.6,648.67246,3.21719,16.21681,0,0,0.54616,0
38.7,650.13161,3.22453,16.25329,0,0,0.54755,0
38.8,651.57977,3.23344,16.28949,0,0,0.54919,0
38.9,653.06793,3.24156,16.3267,0,0,0.55078,0
39,654.5498,3.25031,16.36374,0,0,0.55236,0
39.1,655.71195,3.25828,16.3928,0,0,0.55354,0
39.2,657.32156,3.26672,16.43304,0,0,0.55547,0
39.3,658.5049,3275,16.46262,0,0,0.55684,0
39.4,659.8935,3.28297,16.49734,0,0,0.55856,0
39.5,661.46944,3.29141,16.53674,0,0,0.56,0
39.6,662.65035,3.29969,16.56626,0,0,0.56161,0
39.7,664.33912,3.30891,16.60848,0,0,0.56325,0
39.8,665.63841,3.31641,16.64096,0,0,0.56454,0
39.9,666.99181,3.32531,16.6748,0,0,0.56608,0
40,668.24169,3.33312,16.70604,0,0,0.56765,0
40.1,669.76901,3.34141,16.74422,0,0,0.56945,0
40.2,671.21331,3.35,16.78033,0,0,0.57067,0
40.3,672.25867,3.35797,16.80647,0,0,0.57232,0
40.4,673.95056,3.36719,16.84876,0,0,0.57401,0
40.5,675.13543,3.37484,16.87839,0,0,0.57561,0
40.6,676.66355,3.38375,16.91659,0,0,0.57711,0
40.7,677.99026,3.39156,16.94976,0,0,0.57869,0
40.8,679.50976,3.4,16.98774,0,0,0.58049,0
40.9,680.58809,3.40828,17.0147,0,0,0.58173,0
41,682.43435,3.41656,17.06086,0,0,0.58348,0
41.1,683.06359,3425,17.07659,0,0,0.5846,0
41.2,684.59567,3.43266,17.11489,0,0,0.58635,0
41.3,685.88946,3.44219,17.14724,0,0,0.58792,0
41.4,687.27257,3.44969,17.18181,0,0,0.58927,0
41.5,688557,3.45875,17.21392,0,0,0.59111,0
41.6,689.6737,3.46656,17.24184,0,0,0.5926,0
41.7,691.33029,3.47516,17.28326,0,0,0.59415,0
41.8,692.60374,3.48328,17.31509,0,0,0.59543,0
41.9,693.88971,3.49109,17.34724,0,0,0.59723,0
42,695.22895,3.50016,17.38072,0,0,0.59872,0
42.1,696.63874,3.50812,17.41597,0,0,0.60044,0
42.2,697.94822,3.51719,17.44871,0,0,0.60208,0
42.3,699.07978,3.52484,17477,0,0,0.60324,0
42.4,700.68785,3.53391,17.5172,0,0,0.60507,0
42.5,701.84763,3.54156,17.54619,0,0,0.60664,0
42.6,703.2692,3.54984,17.58173,0,0,0.60824,0
42.7,704.63978,3.55828,17.61599,0,0,0.60949,0
42.8,705.68048,3.56641,17.64201,0,0,0.61132,0
42.9,707.25796,3.57547,17.68145,0,0,0.61291,0
43,708.3057,3.58281,17.70764,0,0,0.61431,0
43.1,709.98818,3.59234,17.7497,0,0,0.6159,0
43.2,711.08919,3.59984,17.77723,0,0,0.61758,0
43.3,712.65101,3.60828,17.81627,0,0,0.61928,0
43.4,713.44171,3.61656,17.83604,0,0,0.62058,0
43.5,715.09914,3.62484,17.87748,0,0,0.62251,0
43.6,716.33807,3.63375,17.90845,0,0,0.62389,0
43.7,717.47047,3.64094,17.93676,0,0,0.62524,0
43.8,718.86848,3.65031,17.97171,0,0,0.62703,0
43.9,720.1944,3.65812,18.00486,0,0,0.62852,0
44,721.57364,3.66703,18.03934,0,0,0.63034,0
44.1,722.64094,3.67484,18.06602,0,0,0.63175,0
44.2,724.28738,3.68375,18.10719,0,0,0.63362,0
44.3,725.23798,3.69187,18.13095,0,0,0.63505,0
44.4,726.74179,3.69937,18.16854,0,0,0.63645,0
44.5,727.97444,3.70859,18.19936,0,0,0.63797,0
44.6,729.09351,3.71641,18.22734,0,0,0.63961,0
44.7,730.34968,3.72562,18.25874,0,0,0.64103,0
44.8,731.32222,3.73297,18.28306,0,0,0.64285,0
44.9,732.75547,3.74187,18.31889,0,0,0.64455,0
45,734.10571,3.75,18.35264,0,0,0.64582,0
45.1,735.35563,3.75797,18.38389,0,0,0.64758,0
45.2,736.85241,3.76672,18.42131,0,0,0.64899,0
45.3,737.84608,3.77484,18.44615,0,0,0.6507,0
45.4,739.25741,3.78359,18.48144,0,0,0.65218,0
45.5,740.36783,3.79125,18.5092,0,0,0.65389,0
45.6,741.60132,3.80016,18.54003,0,0,0.65549,0
45.7,742.5895,3.80812,18.56474,0,0,0.65692,0
45.8,744.11212,3.81672,18.6028,0,0,0.65859,0
45.9,745.20297,3.82484,18.63007,0,0,0.66008,0
46,746.54925,3.83328,18.66373,0,0,0.66189,0
46.1,747.78977,3.84219,18.69474,0,0,0.66347,0
46.2,748.86731,3.84953,18.72168,0,0,0.66485,0
46.3,749.99263,3.85859,18.74981,0,0,0.66678,0
46.4,751.20255,3.86672,18.78006,0,0,0.66822,0
46.5,752.44387,3.87531,18.8111,0,0,0.66976,0
46.6,753.56998,3.88328,18.83925,0,0,0.67121,0
46.7,754.84025,3.89172,18.87101,0,0,0.67296,0
46.8,755.85898,3.9,18.89647,0,0,0.67442,0
46.9,757.32442,3.90797,18.93311,0,0,0.67608,0
47,758.29457,3.91641,18.95737,0,0,0.67783,0
47.1,759.38306,3.92469,18.98458,0,0,0.67919,0
47.2,760.85711,3.93391,19.02143,0,0,0.68098,0
47.3,761.43388,3.94141,19.03585,0,0,0.68233,0
47.4,763.16022,3.95031,19.07901,0,0,0.68441,0
47.5,764.18682,3.95812,19.10467,0,0,0.68535,0
47.6,765.64047,3.96641,19.14101,0,0,0.68714,0
47.7,766.65767,3975,19.16644,0,0,0.6891,0
47.8,767.72263,3.98297,19.19307,0,0,0.69044,0
47.9,768.94667,3.99234,19.22367,0,0,0.69212,0
48,769.67864,3.99984,19.24197,0,0,0.69368,0
48.1,771.14953,4.00875,19.27874,0,0,0.69548,0
48.2,771.74432,4.01656,19.29361,0,0,0.69619,0
48.3,772.47387,4.02516,19.31185,0,0,0.69749,0
48.4,773.40328,4.03328,19.33508,0,0,0.69914,0
48.5,774.51766,4.04172,19.36294,0,0,0.70076,0
48.6,775.62178,4.05,19.39054,0,0,0.70223,0
48.7,776.73537,4.05781,19.41838,0,0,0.70359,0
48.8,777.89361,4.06719,19.44734,0,0,0.70547,0
48.9,778.97818,4.07453,19.47445,0,0,0.70708,0
49,780.20301,4.08375,19.50508,0,0,0.70873,0
49.1,780.81819,4.09156,19.52045,0,0,0.71045,0
49.2,782.33527,4.10016,19.55838,0,0,0.71196,0
49.3,783.28745,4.10828,19.58219,0,0,0.71372,0
49.4,784.50833,4.11594,19.61271,0,0,0.71542,0
49.5,785462,4.12516,19.63655,0,0,0.71709,0
49.6,786.7041,4.13312,19.6676,0,0,0.7186,0
49.7,787.78006,4.14219,19.6945,0,0,0.72036,0
49.8,788.66249,4.15,19.71656,0,0,0.72184,0
49.9,790.22897,4.15891,19.75572,0,0,0.72371,0
50,791.03457,4.16656,19.77586,0,0,0.7252,0
50.1,792.09488,4.17484,19.80237,0,0,0.72696,0
50.2,793.21153,4.18328,19.83029,0,0,0.72845,0
50.3,794.37057,4.19141,19.85926,0,0,0.73011,0
50.4,795.12289,4.20047,19.87807,0,0,0.73179,0
50.5,796.13533,4.20766,19.90338,0,0,0.73332,0
50.6,797.25049,4.21719,19.93126,0,0,0.73503,0
50.7,798.09129,4.22484,19.95228,0,0,0.7368,0
50.8,799.37102,4.23328,19.98428,0,0,0.73867,0
50.9,800.24637,4.24156,20.00616,0,0,0.74005,0
51,801.27763,4.24984,20.03194,0,0,0.74201,0
51.1,802.25952,4.25859,20.05649,0,0,0.74343,0
51.2,803.17324,4.26594,20.07933,0,0,0.74506,0
51.3,804.5204,4.27531,20.11301,0,0,0.74678,0
51.4,805.32199,4.28312,20.13305,0,0,0.74841,0
51.5,806.43324,4.29203,20.16083,0,0,0.75029,0
51.6,807.18789,4.29984,20.1797,0,0,0.75195,0
51.7,808.40886,4.30875,20.21022,0,0,0.75351,0
51.8,809.25589,4.31687,20.2314,0,0,0.75504,0
51.9,810.13599,4.32453,20.2534,0,0,0.75684,0
52,811.20254,4.33359,20.28006,0,0,0.75863,0
52.1,811.95403,4.34141,20.29885,0,0,0.76024,0
52.2,813.12638,4.35062,20.32816,0,0,0.76201,0
52.3,813.83632,4.35797,20.34591,0,0,0.76367,0
52.4,814.96872,4.36703,20.37422,0,0,0.76539,0
52.5,815.73827,4.37516,20.39346,0,0,0.76705,0
52.6,816.71467,4.38297,20.41787,0,0,0.76901,0
52.7,817.82043,4.39156,20.44551,0,0,0.7704,0
52.8,818.6738,4.39969,20.46684,0,0,0.77255,0
52.9,819.3681,4.40859,20.4842,0,0,0.77397,0
53,820.36415,4.41625,20.5091,0,0,0.7755,0
53.1,821.21836,4.42516,20.53046,0,0,0.77727,0
53.2,822.10619,4.43328,20.55265,0,0,0.77889,0
53.3,823.1367,4.44172,20.57842,0,0,0.78072,0
53.4,823.89992,4.44984,20.5975,0,0,0.78243,0
53.5,824.79957,4.45844,20.61999,0,0,0.78418,0
53.6,825.73444,4.46719,20.64336,0,0,0.7861,0
53.7,826.30338,4.47453,20.65759,0,0,0.7877,0
53.8,827.41538,4.48359,20.68538,0,0,0.78941,0
53.9,828.20924,4.49172,20.70523,0,0,0.79115,0
54,828.98196,4.50031,20.72455,0,0,0.79288,0
54.1,829.76948,4.50828,20.74424,0,0,0.79439,0
54.2,830.73648,4.51672,20.76841,0,0,0.79637,0
54.3,831.3125,4525,20.78281,0,0,0.79796,0
54.4,832.29123,4.53297,20.80728,0,0,0.79994,0
54.5,832.96681,4.54141,20.82417,0,0,0.80152,0
54.6,833.90083,4.54969,20.84752,0,0,0.80328,0
54.7,834.85376,4.55891,20.87134,0,0,0.80503,0
54.8,835.31067,4.56641,20.88277,0,0,0.80647,0
54.9,836.52372,4.57516,20.91309,0,0,0.80857,0
55,837.04796,4.58312,20.9262,0,0,0.81021,0
55.1,837.82542,4.59141,20.94563,0,0,0.81172,0
55.2,838.57607,4.60016,20.9644,0,0,0.81355,0
55.3,839.28378,4.60797,20.98209,0,0,0.81534,0
55.4,840.24919,4.61734,21.00623,0,0,0.81709,0
55.5,840.81655,4.62484,21.02041,0,0,0.81884,0
55.6,841.65111,4.63375,21.04128,0,0,0.82051,0
55.7,842.41675,4.64156,21.06042,0,0,0.82207,0
55.8,843.11264,4.65,21.07782,0,0,0.82431,0
55.9,843.63297,4.65828,21.09082,0,0,0.82584,0
56,844.41276,4.66672,21.11032,0,0,0.82786,0
56.1,845.1635,4675,21.12909,0,0,0.82939,0
56.2,845.83657,4.68281,21.14591,0,0,0.83106,0
56.3,846.63825,4.69219,21.16596,0,0,0.83308,0
56.4,847.0865,4.69969,21.17716,0,0,0.83474,0
56.5,847.96967,4.70875,21.19924,0,0,0.83669,0
56.6,848.39445,4.71641,21.20986,0,0,0.83814,0
56.7,849.52917,4.72516,21.23823,0,0,0.8402,0
56.8,849.82067,4.73328,21.24552,0,0,0.84168,0
56.9,850.36531,4.74109,21.25913,0,0,0.84352,0
57,851.23517,4.75016,21.28088,0,0,0.84521,0
57.1,851.86521,4.75812,21.29663,0,0,0.84725,0
57.2,852.38088,4.76719,21.30952,0,0,0.84882,0
57.3,853.04771,4775,21.32619,0,0,0.85062,0
57.4,853.70755,4.78391,21.34269,0,0,0.85266,0
57.5,854.37996,4.79156,21.3595,0,0,0.85425,0
57.6,854.97554,4.79984,21.37439,0,0,0.8559,0
57.7,855.51077,4.80828,21.38777,0,0,0.85774,0
57.8,856.18151,4.81641,21.40454,0,0,0.85961,0
57.9,856.61337,4.82547,21.41533,0,0,0.86151,0
58,857.27312,4.83266,21.43183,0,0,0.8631,0
58.1,858.09287,4.84219,21.45232,0,0,0.86518,0
58.2,858.54428,4.84984,21.46361,0,0,0.8668,0
58.3,859.03946,4.85828,21.47599,0,0,0.86884,0
58.4,859.62648,4.86672,21.49066,0,0,0.8703,0
58.5,860.26751,4.87484,21.50669,0,0,0.87231,0
58.6,860.81913,4.88375,21.52048,0,0,0.87419,0
58.7,861.28544,4.89109,21.53214,0,0,0.87605,0
58.8,861.9288,4.90016,21.54822,0,0,0.87779,0
58.9,862.28848,4.90812,21.55721,0,0,0.87947,0
59,862859,4.91703,21.57148,0,0,0.88175,0
59.1,863.38958,4.92484,21.58474,0,0,0.88321,0
59.2,863.87852,4.93359,21.59696,0,0,0.88517,0
59.3,864.58223,4.94172,21.61456,0,0,0.88692,0
59.4,864.93958,4.94937,21.62349,0,0,0.8888,0
59.5,865.38466,4.95859,21.63462,0,0,0.89068,0
59.6,865.78829,4.96641,21.64471,0,0,0.89254,0
59.7,866.31486,4.97562,21.65787,0,0,0.8942,0
59.8,866.7334,4.98312,21.66833,0,0,0.89604,0
59.9,867.09308,4.99187,21.67733,0,0,0.89799,0
60,867.62197,5,21.69055,0,0,0.89983,0
60.1,868.1478,5.00781,21.7037,0,0,0.90188,0
60.2,868.50515,5.01656,21.71263,0,0,0.9037,0
60.3,868.99884,5.02484,21.72497,0,0,0.90571,0
60.4,869.40322,5.03359,21.73508,0,0,0.90735,0
60.5,869.6462,5.04125,21.74116,0,0,0.90922,0
60.6,870.26367,5.05016,21.75659,0,0,0.91116,0
60.7,870.60696,5.05812,21.76517,0,0,0.91297,0
60.8,871.11164,5.06672,21.77779,0,0,0.91543,0
60.9,871.31774,5.07484,21.78294,0,0,0.91687,0
61,871.77772,5.08344,21.79444,0,0,0.91905,0
61.1,872.29963,5.09219,21.80749,0,0,0.92098,0
61.2,872.35207,5.09953,21.8088,0,0,0.92256,0
61.3,872.81447,5.10859,21.82036,0,0,0.92448,0
61.4,873.37708,5.11672,21.83443,0,0,0.92651,0
61.5,873.65452,5.12531,21.84136,0,0,0.92837,0
61.6,873.93746,5.13328,21.84844,0,0,0.93014,0
61.7,874.30812,5.14172,21.8577,0,0,0.93247,0
61.8,874.68894,5.15,21.86722,0,0,0.93417,0
61.9,874.98436,5.15797,21.87461,0,0,0.93628,0
62,875.12778,5.16656,21.87819,0,0,0.93819,0
62.1,875.50944,5.17469,21.88774,0,0,0.93999,0
62.2,875.95219,5.18391,21.89881,0,0,0.94205,0
62.3,875.98432,5.19141,21.89961,0,0,0.94392,0
62.4,876.44272,5.20031,21.91107,0,0,0.9461,0
62.5,876.64966,5.20812,21.91624,0,0,0.94798,0
62.6,876.96938,5.21641,21.92423,0,0,0.95016,0
62.7,877.09948,5225,21.92749,0,0,0.95194,0
62.8,877.56887,5.23297,21.93922,0,0,0.95407,0
62.9,877.72794,5.24219,21.9432,0,0,0.95602,0
63,878.11584,5.24984,21.9529,0,0,0.95801,0
63.1,878.33842,5.25875,21.95846,0,0,0.96003,0
63.2,878.45596,5.26656,21.9614,0,0,0.96196,0
63.3,878.75528,5.27516,21.96888,0,0,0.96433,0
63.4,878.93549,5.28328,21.97339,0,0,0.96616,0
63.5,879.22467,5.29172,21.98062,0,0,0.96816,0
63.6,879.10872,5.3,21.97772,0,0,0.97018,0
63.7,879.61573,5.30781,21.99039,0,0,0.97221,0
63.8,879.85555,5.31719,21.99639,0,0,0.97457,0
63.9,879.77247,5.32469,21.99431,0,0,0.97653,0
64,880.31553,5.33375,22.00789,0,0,0.97868,0
64.10001,880.11809,5.34141,22.00295,0,0,0.98076,0
64.2,880.45271,5.35016,22.01132,0,0,0.98294,0
64.3,880.52787,5.35828,22.0132,0,0,0.98491,0
64.4,880.83744,5.36609,22.02094,0,0,0.98722,0
64.5,881.05844,5.37516,22.02646,0,0,0.98929,0
64.60001,880.94091,5.38312,22.02352,0,0,0.99134,0
64.7,881.0984,5.39219,22.02746,0,0,0.99369,0
64.8,881.16657,5.39984,22.02916,0,0,0.99572,0
64.9,881.50669,5.40875,22.03767,0,0,0.99802,0
65,881.47139,5.41656,22.03679,0,0,1.00032,0
65.10001,881.81384,5.42484,22.04535,0,0,1.00235,0
65.2,881.64071,5.43328,22.04102,0,0,1.00454,0
65.3,881.98474,5.44141,22.04962,0,0,1.00682,0
65.4,882.06464,5.45047,22.05162,0,0,1.00894,0
65.5,881.92122,5.45766,22.04803,0,0,1.0111,0
65.60001,882114,5.46719,22.05285,0,0,1.01345,0
65.70001,882.21198,5.47484,22.0553,0,0,1.01559,0
65.8,882.43848,5.48328,22.06096,0,0,1.01818,0
65.9,882.36555,5.49156,22.05914,0,0,1.02002,0
66,882.36323,5.49984,22.05908,0,0,1.02243,0
66.10001,882.4667,5.50875,22.06167,0,0,1.02478,0
66.20001,882.40318,5.51594,22.06008,0,0,1.02692,0
66.3,882.69543,5.52531,22.06739,0,0,1.02945,0
66.4,882.68919,5.53312,22.06723,0,0,1.03135,0
66.5,882.73156,5.54203,22.06829,0,0,1.03412,0
66.60001,882.78325,5.54984,22.06958,0,0,1.03607,0
66.70001,882.83261,5.55875,22.07082,0,0,1.0389,0
66.8,882.82321,5.56687,22.07058,0,0,1.04107,0
66.9,882.69543,5.57437,22.06739,0,0,1.04333,0
67,882.81455,5.58359,22.07036,0,0,1.04586,0
67.10001,882.8734,5.59141,22.07183,0,0,1.04818,0
67.20001,882.74097,5.60062,22.06852,0,0,1.05042,0
67.3,882.70251,5.60797,22.06756,0,0,1.05278,0
67.4,882784,5.61703,22.0696,0,0,1.05542,0
67.5,882.71741,5625,22.06794,0,0,1.05779,0
67.60001,883.09515,5.63297,22.07738,0,0,1.06012,0
67.70001,882.90311,5.64156,22.07258,0,0,1.06256,0
67.8,882.92826,5.64969,22.07321,0,0,1.0651,0
67.9,882.97054,5.65859,22.07426,0,0,1.06733,0
68,882.56067,5.66625,22.06402,0,0,1.06962,0
68.10001,882.84276,5.67516,22.07107,0,0,1.07228,0
68.20001,882.74563,5.68312,22.06864,0,0,1.07459,0
68.3,882864,5.69172,22.0716,0,0,1.07723,0
68.4,882.59205,5.69984,22.0648,0,0,1.07953,0
68.5,882.75271,5.70844,22.06882,0,0,1.08223,0
68.60001,882.49482,5.71719,22.06237,0,0,1.08456,0
68.70001,882.5873,5.72453,22.06468,0,0,1.08698,0
68.8,882.42115,5.73359,22.06053,0,0,1.08946,0
68.9,882.4612,5.74156,22.06153,0,0,1.09199,0
69,882.61943,5.75031,22.06549,0,0,1.09452,0
69.10001,882.22604,5.75828,22.05565,0,0,1.09666,0
69.20001,882.46427,5.76672,22.06161,0,0,1.09951,0
69.3,882.32243,5775,22.05806,0,0,1.10177,0
69.4,882.14613,5.78297,22.05365,0,0,1.10461,0
69.5,882.17752,5.79141,22.05444,0,0,1.1068,0
69.60001,882.00038,5.79969,22.05001,0,0,1.10931,0
69.70001,882.16336,5.80891,22.05408,0,0,1.11203,0
69.8,881.91498,5.81641,22.04787,0,0,1.11429,0
69.9,882.06464,5.82516,22.05162,0,0,1117,0
70,881.72844,5.83312,22.04321,0,0,1.11937,0
70.10001,881.95493,5.84141,22.04887,0,0,1.12183,0
70.20001,881.64695,5.85,22.04117,0,0,1.12445,0
70.3,881.69323,5.85797,22.04233,0,0,1.12685,0
70.4,881.81309,5.86734,22.04533,0,0,1.12943,0
70.5,881.57011,5.87484,22.03925,0,0,1.13195,0
70.60001,881.49887,5.88375,22.03747,0,0,1.13441,0
70.70001,881.47921,5.89156,22.03698,0,0,1.13691,0
70.8,881.3954,5.9,22.03489,0,0,1.13965,0
70.9,881.24806,5.90812,22.0312,0,0,1.1421,0
71,881.45575,5.91656,22.03639,0,0,1.1447,0
71.10001,881.31316,5925,22.03283,0,0,1.14708,0
71.20001,881.01141,5.93281,22.02529,0,0,1.14953,0
71.3,881.25356,5.94219,22.03134,0,0,1.1525,0
71.4,880.90096,5.94969,22.02252,0,0,1.15474,0
71.5,881.10548,5.95875,22.02764,0,0,1.15742,0
71.60001,880.66505,5.96656,22.01663,0,0,1.15913,0
71.70001,880.83977,5.97516,22.02099,0,0,1.16183,0
71.8,880.79358,5.98328,22.01984,0,0,1.16443,0
71.9,880.69402,5.99094,22.01735,0,0,1.16679,0
72,880.64233,6.00016,22.01606,0,0,1.16944,0
72.10001,880.4989,6.00812,22.01247,0,0,1.17189,0
72.20001,880.26775,6.01719,22.00669,0,0,1.17474,0
72.3,880.33592,6.02484,22.0084,0,0,1.17704,0
72.4,880.36098,6.03391,22.00902,0,0,1.17975,0
72.5,880.33359,6.04156,22.00834,0,0,1.18226,0
72.60001,880.17993,6.04984,22.0045,0,0,1.18506,0
72.70001,879.97699,6.05828,21.99942,0,0,1.18718,0
72.8,879.92214,6.06641,21.99805,0,0,1.19019,0
72.9,879.97857,6.07547,21.99946,0,0,1.19265,0
73,879.76148,6.08266,21.99404,0,0,1.19496,0
73.10001,879.96367,6.09219,21.99909,0,0,1.1978,0
73.20001,879.67217,6.09984,21.9918,0,0,1.2003,0
73.3,879.77173,6.10828,21.99429,0,0,1.20305,0
73.4,879.36809,6.11656,21.9842,0,0,1.20557,0
73.5,879.60949,6.12469,21.99024,0,0,1.20821,0
73.60001,879.47473,6.13375,21.98687,0,0,1.2105,0
73.70001,879.30933,6.14094,21.98273,0,0,1.2131,0
73.8,879.23408,6.15031,21.98085,0,0,1.21584,0
73.9,879.24823,6.15812,21.9812,0,0,1.21845,0
74,879.28893,6.16703,21.98222,0,0,1.22106,0
74.10001,879.12045,6.17484,21.97801,0,0,1.22341,0
74.20001,879.15342,6.18375,21.97884,0,0,1.22633,0
74.3,878.76944,6.19187,21.96924,0,0,1.22869,0
74.4,878.82504,6.19937,21.97063,0,0,1.23119,0
74.5,878.90653,6.20859,21.97266,0,0,1.23389,0
74.60001,878.64557,6.21641,21.96614,0,0,1.23649,0
74.70001,878.58522,6.22562,21.96463,0,0,1.23907,0
74.8,878.48809,6.23312,21.9622,0,0,1.24147,0
74.9,878.46611,6.24187,21.96165,0,0,1.2444,0
75,878.48417,6.25,21.9621,0,0,1.24673,0
75.10001,878.47319,6.25781,21.96183,0,0,1.24946,0
75.20001,878.20441,6.26672,21.95511,0,0,1.25186,0
75.3,878.20049,6.27469,21.95501,0,0,1.25451,0
75.4,878.20748,6.28359,21.95519,0,0,1.25716,0
75.5,877.99048,6.29125,21.94976,0,0,1.25969,0
75.60001,878.02419,6.30016,21.95061,0,0,1.26215,0
75.70001,877.80394,6.30812,21.9451,0,0,1.26491,0
75.8,877.71853,6.31672,21.94296,0,0,1.26764,0
75.9,877.79453,6325,21.94486,0,0,1.26989,0
76,877.88934,6.33344,21.94723,0,0,1.27275,0
76.10001,877.68873,6.34219,21.94222,0,0,1.27547,0
76.20001,877.35802,6.34953,21.93395,0,0,1.27795,0
76.3,877.69972,6.35844,21.94249,0,0,1.28052,0
76.4,877.32039,6.36656,21.93301,0,0,1.28302,0
76.5,877.49436,6.37531,21.93736,0,0,1.28587,0
76.60001,877.05404,6.38328,21.92635,0,0,1.28818,0
76.70001,877.43877,6.39172,21.93597,0,0,1.29058,0
76.8,877.03438,6.4,21.92586,0,0,1.29354,0
76.9,877.19979,6.40797,21.92999,0,0,1.29618,0
77,876.78209,6.41641,21.91955,0,0,1.29874,0
77.10001,876.92784,6.42469,21.9232,0,0,1.30123,0
77.20001,877.01399,6.43391,21.92535,0,0,1.30402,0
77.3,876.77892,6.44141,21.91947,0,0,1.30649,0
77.4,876.8714,6.45016,21.92179,0,0,1.30923,0
77.5,876.71392,6.45812,21.91785,0,0,1.31162,0
77.60001,877.00309,6.4664,21.92508,0,0,1.31451,0
77.70001,876.5352,6475,21.91338,0,0,1.31713,0
77.8,876.8213,6.48297,21.92053,0,0,1.31961,0
77.9,876.66456,6.49234,21.91661,0,0,1.32226,0
78,876.50307,6.49984,21.91258,0,0,1.32478,0
78.10001,876.43182,6.50875,21.9108,0,0,1.3276,0
78.20001,876.27117,6.51656,21.90678,0,0,1.32999,0
78.3,876.47801,6525,21.91195,0,0,1.33291,0
78.4,876.10185,6.53328,21.90255,0,0,1.33524,0
78.5,876.38637,6.54172,21.90966,0,0,1.33813,0
78.60001,876.13165,6.55,21.90329,0,0,1.34031,0
78.70001,876.01878,6.55781,21.90047,0,0,1343,0
78.8,875.97566,6.56719,21.89939,0,0,1.34587,0
78.9,876.01328,6.57469,21.90033,0,0,1.3483,0
79,875.94753,6.58375,21.89869,0,0,1.35132,0
79.10001,875.69747,6.59156,21.89244,0,0,1.35351,0
79.20001,875.76015,6.60031,21894,0,0,1.35621,0
79.3,875.51568,6.60828,21.88789,0,0,1.3588,0
79.4,875.71163,6.61609,21.89279,0,0,1.3614,0
79.5,875.7351,6.62516,21.89338,0,0,1.36392,0
79.60001,875.75391,6.63312,21.89385,0,0,1.36679,0
79.70001,875.48355,6.64219,21.88709,0,0,1.36938,0
79.8,875.44592,6.64984,21.88615,0,0,1.37172,0
79.9,875.56429,6.65875,21.88911,0,0,1.37471,0
80,875.38324,6.66656,21.88458,0,0,1.37714,0
80.10001,875.42478,6.67484,21.88562,0,0,1.37988,0
80.20001,875.11605,6.68328,21.8779,0,0,1.38241,0
80.3,875.07768,6.69141,21.87694,0,0,1.38498,0
80.4,875.01574,6.70047,21.87539,0,0,1.38761,0
80.50001,874.85425,6.70765,21.87136,0,0,1.38999,0
80.60001,874.9946,6.71719,21.87486,0,0,1.39282,0
80.70001,874.88489,6.72484,21.87212,0,0,1.3954,0
80.8,874.93192,6.73328,21.8733,0,0,1.3981,0
80.9,874.75162,6.74156,21.86879,0,0,1.40054,0
81.00001,874.73523,6.74984,21.86838,0,0,1.40338,0
81.10001,874.59022,6.75875,21.86476,0,0,1.40576,0
81.20001,874.55576,6.76594,21.86389,0,0,1.40839,0
81.3,874.45695,6.77531,21.86142,0,0,1.41106,0
81.4,874.53853,6.78312,21.86346,0,0,1.4136,0
81.50001,874.43739,6.79203,21.86094,0,0,1.4164,0
81.60001,874.46086,6.79984,21.86152,0,0,1.41867,0
81.70001,874.62943,6.80875,21.86574,0,0,1.42168,0
81.8,874.16312,6.81687,21.85408,0,0,1.4242,0
81.9,874.28931,6.82437,21.85723,0,0,1.42665,0
82.00001,874.31362,6.83359,21.85784,0,0,1.42943,0
82.10001,874.20465,6.84141,21.85512,0,0,1.43185,0
82.20001,874.31045,6.85047,21.85776,0,0,1.4348,0
82.3,873.92963,6.85797,21.84824,0,0,1.4372,0
82.4,874.28149,6.86703,21.85704,0,0,1.43998,0
82.50001,874.17327,6.87516,21.85433,0,0,1.44252,0
82.60001,873.97899,6.88297,21.84947,0,0,1.44513,0
82.70001,874.01504,6.89156,21.85038,0,0,1.44767,0
82.8,873.9531,6.89984,21.84883,0,0,1.45009,0
82.9,873.89667,6.90859,21.84742,0,0,1.45287,0
83.00001,873.61457,6.91625,21.84036,0,0,1.45547,0
83.10001,873.88419,6.92516,21.84711,0,0,1.45794,0
83.20001,873.49862,6.93312,21.83747,0,0,1.46067,0
83.3,873.84731,6.94172,21.84618,0,0,1.4634,0
83.4,873.48763,6.94984,21.83719,0,0,1.46599,0
83.50001,873.41396,6.95844,21.83535,0,0,1.46863,0
83.60001,873.66709,6.96719,21.84168,0,0,1471,0
83.70001,873.22043,6.97453,21.83051,0,0,1.47346,0
83.8,873.5111,6.98359,21.83778,0,0,1.47629,0
83.9,873.33638,6.99172,21.83341,0,0,1.47887,0
84.00001,873.2792,7.00031,21.83198,0,0,1.48146,0
84.10001,873.12162,7.00828,21.82804,0,0,1.48387,0
84.20001,873.28618,7.01672,21.83216,0,0,1.48666,0
84.3,872.87948,7025,21.82199,0,0,1.48915,0
84.4,873.14676,7.03297,21.82867,0,0,1.49173,0
84.50001,872.72981,7.0414,21.81824,0,0,1.49436,0
84.60001,872.76278,7.04984,21.81907,0,0,1.49697,0
84.70001,872.90462,7.05891,21.82261,0,0,1.49956,0
84.8,872.77135,7.06641,21.81928,0,0,1.50187,0
84.9,872.8819,7.07515,21.82205,0,0,1.50469,0
85.00001,872.72981,7.08312,21.81824,0,0,1.50728,0
85.10001,872.6961,7.09141,21.8174,0,0,1.50992,0
85.20001,872.53312,7.1,21.81333,0,0,1.5123,0
85.3,872.32785,7.10812,21.8082,0,0,1.51497,0
85.4,872.65931,7.11734,21.81648,0,0,1.51747,0
85.50001,872.30122,7.12484,21.80753,0,0,1.51998,0
85.60001,872.4736,7.13375,21.81184,0,0,1.52251,0
85.70001,872.09353,7.14156,21.80234,0,0,1.52509,0
85.8,872.37088,7.15,21.80927,0,0,1.52803,0
85.9,872.16171,7.15828,21.80404,0,0,1.53033,0
86.00001,872.26201,7.16672,21.80655,0,0,1.53306,0
86.10001,872.03626,7175,21.80091,0,0,1.53544,0
86.20001,871.96659,7.18281,21.79917,0,0,1.53811,0
86.3,872.30662,7.19219,21.80766,0,0,1.54065,0
86.4,872.02536,7.19969,21.80063,0,0,1.54302,0
86.50001,871.96892,7.20875,21.79922,0,0,1.54585,0
86.60001,871.77297,7.21656,21.79432,0,0,1.54828,0
86.70001,871.99323,7.22515,21.79983,0,0,1.55077,0
86.8,871.89367,7.23328,21.79734,0,0,1.55348,0
86.9,871.5732,7.24109,21.78933,0,0,1.55605,0
87.00001,871.84748,7.25016,21.79619,0,0,1.55864,0
87.10001,871.70321,7.25812,21.79258,0,0,1.56127,0
87.20001,871.74634,7.26719,21.79366,0,0,1.56369,0
87.3,871.39215,7.27484,21.7848,0,0,1.56615,0
87.4,871.64687,7.28391,21.79117,0,0,1.56892,0
87.50001,871.53241,7.29156,21.78831,0,0,1.57115,0
87.60001,871.51593,7.29984,21.7879,0,0,1.57421,0
87.70001,871.42661,7.30828,21.78567,0,0,1.57643,0
87.8,871.42587,7.31641,21.78565,0,0,1.57911,0
87.9,871.35686,7.32547,21.78392,0,0,1.58186,0
88.00001,871.0755,7.33265,21.77689,0,0,1.58391,0
88.10001,871.14293,7.34234,21.77857,0,0,1.58689,0
88.20001,871.16882,7.34984,21.77922,0,0,1.58919,0
88.3,871.42661,7.35828,21.78567,0,0,1.59167,0
88.4,870.89529,7.36656,21.77238,0,0,1.59316,0
88.50001,870.96738,7.37484,21.77419,0,0,1.59489,0
88.60001,870.95797,7.38375,21.77395,0,0,1.5973,0
88.70001,870.89371,7.39094,21.77234,0,0,1.59981,0
88.8,870.77152,7.40031,21.76929,0,0,1.6028,0
88.9,870.73306,7.40812,21.76833,0,0,1.60477,0
89.00001,870.97054,7.41703,21.77426,0,0,1.60748,0
89.10001,870.74563,7.42484,21.76864,0,0,1.60987,0
89.20001,870.71899,7.43375,21.76797,0,0,1.61309,0
89.3,870.70484,7.44187,21.76762,0,0,1.61548,0
89.4,870.65399,7.44937,21.76635,0,0,1.6176,0
89.50001,870.6077,7.45859,21.76519,0,0,1.62043,0
89.60001,870.3554,7.46625,21.75888,0,0,1.62294,0
89.70001,870.66097,7.47562,21.76652,0,0,1.62538,0
89.8,870.40393,7.48297,21.7601,0,0,1.62754,0
89.9,870.51997,7.49203,21763,0,0,1.63047,0
90.00001,870.15238,7.5,21.75381,0,0,1.63317,0
90.10001,870.42823,7.50781,21.76071,0,0,1.63575,0
90.20001,870.30288,7.51656,21.75757,0,0,1.63808,0
90.3,870.35848,7.52469,21.75896,0,0,1.64073,0
90.4,870.13673,7.53359,21.75342,0,0,1.64348,0
90.50001,870.13515,7.54125,21.75338,0,0,1.64566,0
90.60001,870.18767,7.55016,21.75469,0,0,1.64832,0
90.70001,870.08737,7.55828,21.75218,0,0,1.65096,0
90.8,869.92439,7.56672,21.74811,0,0,1.65365,0
90.9,869.85854,7.57484,21.74646,0,0,1.65593,0
91.00001,870.09445,7.58328,21.75236,0,0,1.65855,0
91.10001,869.78171,7.59203,21.74454,0,0,1.66104,0
91.20001,869.65635,7.59953,21.74141,0,0,1.66352,0
91.3,869.6368,7.60859,21.74092,0,0,1.66605,0
91.4,869.8632,7.61656,21.74658,0,0,1.66862,0
91.50001,869.7927,7.62531,21.74482,0,0,1.67132,0
91.60001,869.71745,7.63328,21.74294,0,0,1.67368,0
91.70001,869.75982,7.64156,21744,0,0,1.67636,0
91.8,869.61323,7.65,21.74033,0,0,1.67894,0
91.9,869.73077,7.65797,21.74327,0,0,1.68161,0
92.00001,869.44317,7.66641,21.73608,0,0,1.68395,0
92.10001,869.44243,7.67484,21.73606,0,0,1.68646,0
92.20001,869.3954,7.68391,21.73488,0,0,1.68913,0
92.3,869.32331,7.6914,21.73308,0,0,1.69152,0
92.4,869.33505,7.70031,21.73338,0,0,1.69431,0
92.50001,869.15167,7.70812,21.72879,0,0,1.69661,0
92.60001,869.12345,7.71641,21.72809,0,0,1.69911,0
92.70001,869.22226,7725,21.73056,0,0,1.70182,0
92.8,869.05062,7.73297,21.72626,0,0,1.70434,0
92.9,869.12271,7.74234,21.72807,0,0,1.70674,0
93.00001,869.12895,7.74984,21.72822,0,0,1.70924,0
93.10001,869.00359,7.75875,21.72509,0,0,1.71186,0
93.20001,868.92918,7.76656,21.72323,0,0,1.71454,0
93.3,869.10781,7.77516,21.7277,0,0,1.71708,0
93.4,868.95106,7.78328,21.72378,0,0,1.71952,0
93.50001,869.03572,7.79172,21.72589,0,0,1.72219,0
93.60001,868.78575,7.8,21.71964,0,0,1.72457,0
93.70001,868.76145,7.80781,21.71904,0,0,1.72741,0
93.8,868.88447,7.81719,21.72211,0,0,1.72991,0
93.9,868.68852,7.82453,21.71721,0,0,1.7321,0
94.00001,868.79749,7.83375,21.71994,0,0,1.73482,0
94.10001,868.40726,7.8414,21.71018,0,0,1.73714,0
94.20001,868.71674,7.85015,21.71792,0,0,1.74,0
94.3,868.43939,7.85828,21.71099,0,0,1.74244,0
94.4,868.36647,7.86609,21.70916,0,0,1.74499,0
94.50001,868.64699,7.87515,21.71618,0,0,1.7474,0
94.60001,868.41583,7.88312,21.7104,0,0,1.75013,0
94.70001,868.39153,7.89219,21.70979,0,0,1.75285,0
94.8,868.37038,7.89984,21.70926,0,0,1.75507,0
94.9,868.37355,7.90891,21.70934,0,0,1.75794,0
95.00001,868.27949,7.91656,21.70699,0,0,1.76023,0
95.10001,868.60396,7.92484,21.7151,0,0,1.76301,0
95.20001,868.2278,7.93328,21.70569,0,0,1.76518,0
95.3,868.24186,7.9414,21.70605,0,0,1.76788,0
95.4,868.34608,7.95047,21.70865,0,0,1.7704,0
95.50001,868.19567,7.95765,21.70489,0,0,1.7728,0
95.60001,868.17136,7.96719,21.70428,0,0,1.77548,0
95.70001,867.87511,7.97484,21.69688,0,0,1.77777,0
95.8,867.99031,7.98328,21.69976,0,0,1.78056,0
95.9,867.88842,7.99156,21.69721,0,0,1.7829,0
96.00001,868.11334,7.99984,21.70283,0,0,1.78567,0
96.10001,867.92298,8.00875,21.69807,0,0,1.78811,0
96.20001,867.80619,8.01594,21.69515,0,0,1.79047,0
96.3,867.92447,8.02531,21.69811,0,0,1.7931,0
96.4,867.85005,8.03312,21.69625,0,0,1.79552,0
96.50001,867.92214,8.04203,21.69805,0,0,1.79831,0
96.60001,867.57187,8.04984,21.6893,0,0,1.80071,0
96.70001,867.91432,8.05875,21.69786,0,0,1.80337,0
96.8,867.49038,8.06687,21.68726,0,0,1.80571,0
96.9,867.68232,8.07437,21.69206,0,0,1.80843,0
97.00001,867.74742,8.08359,21.69369,0,0,1.81084,0
97.10001,867.41438,8.0914,21.68536,0,0,1.81338,0
97.20001,867.56404,8.10062,21.6891,0,0,1.81603,0
97.3,867.29759,8.10812,21.68244,0,0,1.81869,0
97.4,867.50602,8.11687,21.68765,0,0,1.82117,0
97.50001,867.4833,8125,21.68708,0,0,1.82354,0
97.60001,867.36651,8.13297,21.68416,0,0,1.82625,0
97.70001,867.14085,8.14156,21.67852,0,0,1.8285,0
97.8,867.22784,8.14984,21.6807,0,0,1.83126,0
97.9,867.15342,8.15875,21.67883,0,0,1.83369,0
98.00001,867.04055,8.16625,21.67601,0,0,1.83611,0
98.10001,866.92376,8.17515,21.67309,0,0,1.83862,0
98.20001,866.81331,8.18312,21.67033,0,0,1.84118,0
98.3,866.95198,8.19172,21.6738,0,0,1.84379,0
98.4,866.99119,8.19984,21.67478,0,0,1.84623,0
98.50001,866.86816,8.20844,21.6717,0,0,1.84875,0
98.60001,866.92069,8.21719,21.67302,0,0,1.85113,0
98.70001,866.69577,8.22453,21.66739,0,0,1.85364,0
98.8,866.73256,8.23359,21.66831,0,0,1.8562,0
98.9,866.66364,8.24172,21.66659,0,0,1.85869,0
99.00001,866.79915,8.25031,21.66998,0,0,1.86085,0
99.10001,866.65889,8.25828,21.66647,0,0,1.86314,0
99.20001,866.68637,8.26672,21.66716,0,0,1.86601,0
99.3,866.70984,8275,21.66775,0,0,1.86831,0
99.4,866.33684,8.28297,21.65842,0,0,1.87067,0
99.50001,866.43556,8.2914,21.66089,0,0,1.87321,0
99.60001,866.45912,8.29984,21.66148,0,0,1.87574,0
99.70001,866.28115,8.3089,21.65703,0,0,1.87823,0
99.8,866.27575,8.31625,21.65689,0,0,1.88063,0
99.9,866.32511,8.32516,21.65813,0,0,1.88327,0
100.00001,866.2099,8.33312,21.65525,0,0,1.88555,0
100.10001,866.36581,8.3414,21.65915,0,0,1.88832,0
100.20001,866.19342,8.35,21.65483,0,0,1.8907,0
100.3,866.25768,8.35797,21.65644,0,0,1.89331,0
100.4,866.31021,8.36734,21.65775,0,0,1.89561,0
100.50001,865.87835,8.37484,21.64696,0,0,1.89829,0
100.60001,866.09703,8.38375,21.65243,0,0,1.90062,0
100.70001,865.84548,8.39156,21.64614,0,0,1.90319,0
100.8,866.02652,8.40015,21.65066,0,0,1.90599,0
100.9,865.94811,8.40828,21.6487,0,0,1.90837,0
101.00001,866.11118,8.41656,21.65278,0,0,1.91097,0
101.10001,865.55788,8425,21.63895,0,0,1.91344,0
101.20001,865.69581,8.43281,21.6424,0,0,1.91572,0
101.3,865.81726,8.44219,21.64543,0,0,1.91852,0
101.4,865.57046,8.44969,21.63926,0,0,1.92074,0
101.50001,865.82275,8.45875,21.64557,0,0,1.92356,0
101.60001,865.2797,8.46656,21.63199,0,0,1.92592,0
101.70001,865.61041,8.47515,21.64026,0,0,1.92859,0
101.8,865.53907,8.48328,21.63848,0,0,1.93095,0
101.9,865.46773,8.49109,21.63669,0,0,1.93369,0
102.00001,865.35495,8.50016,21.63387,0,0,1.93607,0
102.10001,865.06493,8.50812,21.62662,0,0,1.93872,0
102.20001,865.32831,8.51719,21.63321,0,0,1.94098,0
102.3,865.15117,8.52484,21.62878,0,0,1.94362,0
102.4,865.39797,8.5339,21.63495,0,0,1.94626,0
102.50001,865.04538,8.54156,21.62613,0,0,1.94858,0
102.60001,865.26712,8.54984,21.63168,0,0,1.95137,0
102.70001,865.13786,8.55828,21.62845,0,0,1.95357,0
102.8,865.08067,8.5664,21.62702,0,0,1.95629,0
102.9,865.0532,8.57547,21.62633,0,0,1.9588,0
103.00001,864.94824,8.58281,21.62371,0,0,1.96089,0
103.10001,865.14568,8.59219,21.62864,0,0,1.96368,0
103.20001,864.90121,8.59984,21.62253,0,0,1.96625,0
103.3,864.88631,8.60828,21.62216,0,0,1.96873,0
103.4,864.7413,8.61656,21.61853,0,0,1.97141,0
103.50001,864.91136,8.62484,21.62278,0,0,1.97384,0
103.60001,864.72332,8.63359,21.61808,0,0,1.97629,0
103.70001,864.38237,8.64094,21.60956,0,0,1.9787,0
103.8,864.8009,8.65016,21.62002,0,0,1.98126,0
103.9,864.73664,8.65812,21.61842,0,0,1.98386,0
104.00001,864.69585,8.66703,21.6174,0,0,1.9865,0
104.10001,864.37454,8675,21.60936,0,0,1.98879,0
104.20001,864.50465,8.68375,21.61262,0,0,1.99148,0
104.3,864.41142,8.69187,21.61028,0,0,1.99401,0
104.4,864.29939,8.69937,21.60748,0,0,1.9964,0
104.50001,864.4647,8.70859,21.61162,0,0,1.99896,0
104.60001,864.44272,8.7164,21.61107,0,0,2.0014,0
104.70001,864.26567,8.72562,21.60664,0,0,2.00395,0
104.8,864.22805,8.73312,21.6057,0,0,2.00624,0
104.9,864.36905,8.74187,21.60923,0,0,2.00922,0
105.00001,864.01328,8.75,21.60033,0,0,2.01155,0
105.10001,864.24919,8.75797,21.60623,0,0,2.01423,0
105.20001,864.05324,8.76656,21.60133,0,0,2.01659,0
105.3,864.02819,8.77484,21.6007,0,0,2.01908,0
105.4,863.82525,8.78375,21.59563,0,0,2.02146,0
105.50001,863.89575,8.79125,21.59739,0,0,2.02397,0
105.60001,864.08388,8.80015,21.6021,0,0,2.02654,0
105.70001,863.74292,8.80812,21.59357,0,0,2.02892,0
105.8,863.97417,8.81672,21.59935,0,0,2.0318,0
105.9,863.79629,8.82484,21.59491,0,0,2.03397,0
106.00001,863.92397,8.83344,21.5981,0,0,2.03665,0
106.10001,863.7093,8.84219,21.59273,0,0,2.03898,0
106.20001,863.75475,8.84953,21.59387,0,0,2.04175,0
106.3,863.71945,8.85844,21.59299,0,0,2.04404,0
106.4,863.79154,8.86656,21.59479,0,0,2.04669,0
106.50001,863.74842,8.87531,21.59371,0,0,2.04928,0
106.60001,863.63712,8.88328,21.59093,0,0,2.0516,0
106.70001,863.43503,8.89172,21.58588,0,0,2.05424,0
106.8,863.63247,8.9,21.59081,0,0,2.05654,0
106.9,863.32448,8.90797,21.58311,0,0,2.05909,0
107.00001,863.33547,8.9164,21.58339,0,0,2.06172,0
107.10001,863.39498,8.92469,21.58488,0,0,2.06441,0
107.20001,863.48671,8.9339,21.58717,0,0,2.06668,0
107.3,863.29468,8.9414,21.58237,0,0,2.06913,0
107.4,863.27046,8.95015,21.58176,0,0,2.07181,0
107.50001,863.32606,8.95812,21.58315,0,0,2.07408,0
107.60001,863.27586,8.9664,21.5819,0,0,2.07679,0
107.70001,863.19363,8975,21.57984,0,0,2.0794,0
107.8,863.13644,8.98297,21.57841,0,0,2.08177,0
107.9,863.10664,8.99234,21.57767,0,0,2.08422,0
108.00001,862.98278,8.99984,21.57457,0,0,2.08683,0
108.10001,862.96247,9.00875,21.57406,0,0,2.08924,0
108.20001,863.03297,9.01656,21.57582,0,0,2.09176,0
108.3,862.99619,9.02516,21.57491,0,0,2.09442,0
108.4,862.81039,9.03328,21.57026,0,0,2.09688,0
108.50001,862.74222,9.04172,21.56856,0,0,2.09954,0
108.60001,862.79707,9.05,21.56993,0,0,2.1017,0
108.70001,862.54394,9.05781,21.5636,0,0,2.1042,0
108.8,862.63483,9.06719,21.56587,0,0,2.10694,0
108.9,862.76885,9.07469,21.56922,0,0,2.10931,0
109.00001,862.71875,9.08375,21.56797,0,0,2.11186,0
109.10001,862.7031,9.0914,21.56758,0,0,2.11411,0
109.20001,862.63409,9.10015,21.56585,0,0,2.11678,0
109.3,862.64741,9.10828,21.56618,0,0,2.11935,0
109.4,862.40452,9.11609,21.56011,0,0,2.1217,0
109.50001,862.31595,9.12531,21.5579,0,0,2.12422,0
109.60001,862.30179,9.13312,21.55754,0,0,2.12689,0
109.70001,862.32843,9.14219,21.55821,0,0,2.12932,0
109.8,861.95236,9.14984,21.54881,0,0,2.13177,0
109.9,862.37788,9.15875,21.55945,0,0,2.13441,0
110.00001,862.04326,9.16656,21.55108,0,0,2.13658,0
110.10001,862.45546,9.17484,21.56139,0,0,2.13932,0
110.20001,861.90691,9.18328,21.54767,0,0,2.1417,0
110.3,862.13648,9.19141,21.55341,0,0,2.1438,0
110.4,862.07222,9.20047,21.55181,0,0,2.14349,0
110.50001,861747,9.20765,21.54367,0,0,2.14592,0
110.60001,862.06906,9.21734,21.55173,0,0,2.14925,0
110.70001,861.89983,9.22484,21.5475,0,0,2.15105,0
110.8,861.95385,9.23328,21.54885,0,0,2.15362,0
110.9,861.70705,9.24172,21.54268,0,0,2.15611,0
111.00001,861.82384,9.24984,21.5456,0,0,2.1591,0
111.10001,861.66477,9.25859,21.54162,0,0,2.16099,0
111.20001,861.62789,9.26594,21.5407,0,0,2.16342,0
111.3,861.71255,9.27531,21.54281,0,0,2.16637,0
111.4,861.55031,9.28328,21.53876,0,0,2.16877,0
111.50001,861.58477,9.29203,21.53962,0,0,2.17141,0
111.60001,861.35594,9.29984,21.5339,0,0,2.17353,0
111.70001,861.50328,9.30875,21.53758,0,0,2.17644,0
111.8,861.52134,9.31687,21.53803,0,0,2.17876,0
111.9,861.38966,9.32437,21.53474,0,0,2.18117,0
112.00001,861.24074,9.33359,21.53102,0,0,2.18369,0
112.10001,861.37867,9.3414,21.53447,0,0,2.18625,0
112.20001,861.3497,9.35062,21.53374,0,0,2.18887,0
112.3,861.17024,9.35812,21.52926,0,0,2.19126,0
112.4,860.99468,9.36687,21.52487,0,0,2.19373,0
112.50001,861.20078,9375,21.53002,0,0,2.19634,0
112.60001,861.12013,9.38281,21528,0,0,2.19881,0
112.70001,860.99161,9.39156,21.52479,0,0,2.20127,0
112.8,860.91161,9.39984,21.52279,0,0,2.20394,0
112.90001,861.12637,9.40859,21.52816,0,0,2.20633,0
113.00001,860.65307,9.41625,21.51633,0,0,2209,0
113.10001,860.88581,9.42515,21.52214,0,0,2.21158,0
113.20001,860.84818,9.43312,21.5212,0,0,2.21371,0
113.3,860.87557,9.44172,21.52189,0,0,2.21647,0
113.40001,860.83096,9.44984,21.52077,0,0,2.21896,0
113.50001,860.87873,9.45844,21.52197,0,0,2.22149,0
113.60001,860.65773,9.46719,21.51644,0,0,2.22416,0
113.70001,860.71258,9.47453,21.51781,0,0,2.22648,0
113.8,860.42108,9.48344,21.51053,0,0,2.2293,0
113.90001,860.43207,9.49156,21.5108,0,0,2.23167,0
114.00001,860.75729,9.50031,21.51893,0,0,2.23414,0
114.10001,860.52297,9.50828,21.51307,0,0,2.23648,0
114.20001,860.33875,9.51672,21.50847,0,0,2.23927,0
114.3,860.48376,9525,21.51209,0,0,2.24181,0
114.40001,860.32469,9.53297,21.50812,0,0,2.24452,0
114.50001,860.20241,9.54156,21.50506,0,0,2.24672,0
114.60001,860.19849,9.54969,21.50496,0,0,2.24927,0
114.70001,860.18601,9.5589,21.50465,0,0,2.25192,0
114.8,859.90541,9.56641,21.49763,0,0,2.25418,0
114.90001,860.17027,9.57531,21.50426,0,0,2.25673,0
115.00001,860.06448,9.58312,21.50161,0,0,2.25932,0
115.10001,860.15072,9.5914,21.50377,0,0,2.26213,0
115.20001,859.92897,9.6,21.49822,0,0,2.26449,0
115.3,859.88976,9.60797,21.49724,0,0,2.26681,0
115.40001,859.9015,9.61719,21.49754,0,0,2.26958,0
115.50001,859.68291,9.62484,21.49207,0,0,2.2721,0
115.60001,860.02927,9.63375,21.50073,0,0,2.27464,0
115.70001,859.6844,9.64156,21.49211,0,0,2.27691,0
115.8,859.77223,9.65,21.49431,0,0,2.27966,0
115.90001,859.65777,9.65828,21.49144,0,0,2.28199,0
116.00001,859.63504,9.66672,21.49088,0,0,2.28469,0
116.10001,859.47597,9675,21.4869,0,0,2.28698,0
116.20001,859.56063,9.68281,21.48902,0,0,2.28955,0
116.3,859.38349,9.69219,21.48459,0,0,2.29234,0
116.40001,859.28869,9.69969,21.48222,0,0,2.2949,0
116.50001,859.5081,9.70875,21.4877,0,0,2.29748,0
116.60001,859.29101,9.71656,21.48228,0,0,2.29953,0
116.70001,859.09981,9.72515,21.4775,0,0,2.30242,0
116.8,859.1461,9.73328,21.47865,0,0,2.30484,0
116.90001,859.24873,9.74094,21.48122,0,0,2.30738,0
117.00001,859.02698,9.75015,21.47567,0,0,2.3098,0
117.10001,859.16249,9.75812,21.47906,0,0,2.3124,0
117.20001,859.30908,9.76719,21.48273,0,0,2.31528,0
117.3,859.0403,9.77484,21.47601,0,0,2.31751,0
117.40001,858.97921,9.78375,21.47448,0,0,2.32014,0
117.50001,858.90628,9.79156,21.47266,0,0,2.32252,0
117.60001,859.02382,9.79984,21.4756,0,0,2.32512,0
117.70001,858.64849,9.80812,21.46621,0,0,2.32741,0
117.8,858.84435,9.8164,21.47111,0,0,2.33016,0
117.90001,858.79341,9.82547,21.46984,0,0,2.33267,0
118.00001,858.57874,9.83265,21.46447,0,0,2.33509,0
118.10001,858.70568,9.84234,21.46764,0,0,2.33792,0
118.20001,858.58181,9.84984,21.46455,0,0,2.34031,0
118.3,858.73781,9.85828,21.46844,0,0,2.34284,0
118.40001,858.71192,9.86656,21.4678,0,0,2.34545,0
118.50001,858.46819,9.87484,21.4617,0,0,2.34787,0
118.60001,858.57399,9.88375,21.46435,0,0,2.35044,0
118.70001,858.22139,9.89094,21.45553,0,0,2.35288,0
118.8,858.32328,9.90015,21.45808,0,0,2.35532,0
118.90001,858.18302,9.90812,21.45457,0,0,2.35817,0
119.00001,858.39769,9.91703,21.45994,0,0,2.36062,0
119.10001,858.25669,9.92484,21.45642,0,0,2.36303,0
119.20001,858.35224,9.93359,21.45881,0,0,2.36568,0
119.3,858.12891,9.94187,21.45322,0,0,2.36815,0
119.40001,858.09128,9.94937,21.45228,0,0,2.37059,0
119.50001,858.08737,9.95859,21.45218,0,0,2.37322,0
119.60001,858.13757,9.9664,21.45344,0,0,2.37563,0
119.70001,858.1548,9.97562,21.45387,0,0,2.37845,0
119.8,857.81626,9.98312,21.44541,0,0,2.38055,0
119.90001,857.8632,9.99187,21.44658,0,0,2.38331,0
120.00001,857.85622,10,21.44641,0,0,2.38583,0
120.10001,858.01445,10.00797,21.45036,0,0,2.38838,0
120.20001,857.72611,10.01672,21.44315,0,0,2.39095,0
120.3,857.61957,10.02484,21.44049,0,0,2.39336,0
120.40001,857.61324,10.03359,21.44033,0,0,2.39601,0
120.50001,857.67675,10.04125,21.44192,0,0,2.39827,0
120.60001,857.51135,10.05015,21.43778,0,0,2.40095,0
120.70001,857.48322,10.05812,21.43708,0,0,2.40339,0
120.8,857.45649,10.06672,21.43641,0,0,2.40608,0
120.90001,857.16192,10.07484,21.42905,0,0,2.40873,0
121.00001,857.49263,10.08344,21.43731,0,0,2.41136,0
121.10001,857.27312,10.09219,21.43183,0,0,2.41372,0
121.20001,857.08899,10.09953,21.42723,0,0,2.41609,0
121.3,857.22068,10.10859,21.43052,0,0,2.41882,0
121.40001,857.19712,10.11672,21.42993,0,0,2.42123,0
121.50001,857.18697,10.12531,21.42967,0,0,2.42385,0
121.60001,856.85784,10.13328,21.42145,0,0,2.42625,0
121.70001,856.81863,10.14172,21.42047,0,0,2.42907,0
121.8,857.03181,10.15,21.42579,0,0,2.4313,0
121.90001,856.98161,10.15797,21.42454,0,0,2.43408,0
122.00001,856.78026,10.1664,21.41951,0,0,2.43655,0
122.10001,856.85309,10.17469,21.42133,0,0,2.43877,0
122.20001,856.66822,10.1839,21.41671,0,0,2.44144,0
122.3,856.61337,10.19125,21.41533,0,0,2.44403,0
122.40001,856.7513,10.20031,21.41878,0,0,2.44661,0
122.50001,856.51698,10.20812,21.41292,0,0,2.44909,0
122.60001,856.61095,10.2164,21.41527,0,0,2.45175,0
122.70001,856.56401,10225,21.4141,0,0,2.45415,0
122.8,856.54594,10.23312,21.41365,0,0,2.45684,0
122.90001,856.27874,10.24234,21.40697,0,0,2459,0
123.00001,856.18785,10.24984,21.4047,0,0,2.46166,0
123.10001,856.3336,10.25875,21.40834,0,0,2.46404,0
123.20001,856.34058,10.26656,21.40851,0,0,2.46664,0
123.3,856.27167,10275,21.40679,0,0,2.4693,0
123.40001,856.03269,10.28328,21.40082,0,0,2.47169,0
123.50001,856.23171,10.29156,21.40579,0,0,2.47421,0
123.60001,855.98724,10.3,21.39968,0,0,2.47661,0
123.70001,855.83515,10.30781,21.39588,0,0,2.47888,0
123.8,855.94486,10.31719,21.39862,0,0,2.48182,0
123.90001,855.89159,10.32469,21.39729,0,0,2.48384,0
124.00001,855.69173,10.33375,21.39229,0,0,2.48484,0
124.10001,855.85164,10.34156,21.39629,0,0,2.48721,0
124.20001,855.81243,10.35015,21.39531,0,0,2.48943,0
124.3,855.65411,10.35828,21.39135,0,0,2.49188,0
124.40001,855.50603,10.36609,21.38765,0,0,2.49445,0
124.50001,855.47073,10.37531,21.38677,0,0,2.49712,0
124.60001,855.67292,10.38297,21.39182,0,0,2.49946,0
124.70001,855.40181,10.39219,21.38505,0,0,2.50202,0
124.8,855.49504,10.39984,21.38738,0,0,2.50455,0
124.90001,855.30933,10.40875,21.38273,0,0,2.50735,0
125.00001,855.42612,10.41656,21.38565,0,0,2.50955,0
125.10001,855.33522,10.42484,21.38338,0,0,2.51212,0
125.20001,855.32973,10.43328,21.38324,0,0,2.51479,0
125.3,855.41671,10.4414,21.38542,0,0,2.51763,0
125.40001,855.21685,10.45062,21.38042,0,0,2.51982,0
125.50001,855.15967,10.45765,21.37899,0,0,2.52232,0
125.60001,855.02649,10.46719,21.37566,0,0,2.52505,0
125.70001,854.82663,10.47484,21.37067,0,0,2.52736,0
125.8,855.09224,10.48328,21.37731,0,0,2.53,0
125.90001,855.00767,10.49156,21.37519,0,0,2.5325,0
126.00001,854.83603,10.49984,21.3709,0,0,2.53495,0
126.10001,854.67305,10.50875,21.36683,0,0,2.53762,0
126.20001,854.59463,10.51594,21.36487,0,0,2.54002,0
126.3,854.7036,10.52516,21.36759,0,0,2.5425,0
126.40001,854.83445,10.53312,21.37086,0,0,2.54535,0
126.50001,854.67538,10.54203,21.36688,0,0,2.54797,0
126.60001,854.34699,10.54984,21.35868,0,0,2.55023,0
126.70001,854.81564,10.55875,21.37039,0,0,2.55303,0
126.8,854.48576,10.56687,21.36214,0,0,2.55534,0
126.90001,854.41601,10.57437,21.3604,0,0,2558,0
127.00001,854.36031,10.58359,21.35901,0,0,2.56058,0
127.10001,854.26942,10.5914,21.35674,0,0,2.56302,0
127.20001,854.3063,10.60062,21.35766,0,0,2.56558,0
127.3,854.10019,10.60797,21.3525,0,0,2.56811,0
127.40001,854.18327,10.61687,21.35458,0,0,2.57073,0
127.50001,854.22629,10625,21.35566,0,0,2.57317,0
127.60001,854.24203,10.63281,21.35605,0,0,2.57592,0
127.70001,853.93172,10.64156,21.34829,0,0,2.57842,0
127.8,854.19184,10.64984,21.3548,0,0,2.58085,0
127.90001,853.86662,10.65859,21.34667,0,0,2.58349,0
128,853.81335,10.66625,21.34533,0,0,2.58596,0
128.10001,853.52575,10.67515,21.33814,0,0,2.58859,0
128.20002,853.59318,10.68312,21.33983,0,0,2.59109,0
128.3,853.89717,10.69172,21.34743,0,0,2.59397,0
128.40001,853.52259,10.7,21.33806,0,0,2.59643,0
128.5,853.56655,10.70844,21.33916,0,0,2.59888,0
128.60001,853.45758,10.71719,21.33644,0,0,2.60152,0
128.70002,853.6065,10.72453,21.34016,0,0,2.60399,0
128.8,853.35802,10.73344,21.33395,0,0,2.60652,0
128.90001,853.46857,10.74156,21.33671,0,0,2.60918,0
129,853.45833,10.75031,21.33646,0,0,2.61185,0
129.10001,853.26247,10.75828,21.33156,0,0,2.61409,0
129.20002,853.22484,10.76672,21.33062,0,0,2.61701,0
129.3,852.9678,10775,21.3242,0,0,2.6194,0
129.40001,853.20212,10.78297,21.33005,0,0,2.6219,0
129.5,853.13311,10.7914,21.32833,0,0,2.62462,0
129.60001,852.96072,10.79984,21.32402,0,0,2.62706,0
129.70002,852.88556,10.8089,21.32214,0,0,2.62964,0
129.8,852.85576,10.8164,21.32139,0,0,2.63194,0
129.90001,852.9474,10.82515,21.32368,0,0,2.63482,0
130,852.69669,10.83312,21.31742,0,0,2.63715,0
130.10001,852.77343,10.8414,21.31934,0,0,2.64003,0
130.20002,852.55792,10.85,21.31395,0,0,2.64235,0
130.3,852.65124,10.85797,21.31628,0,0,2.64491,0
130.40001,852.88007,10.86734,21322,0,0,2.64754,0
130.5,852.64416,10.87484,21.3161,0,0,2.64993,0
130.60001,852.54619,10.88375,21.31365,0,0,2.65272,0
130.70002,852.47336,10.89156,21.31183,0,0,2.65536,0
130.8,852.49059,10.90016,21.31227,0,0,2.65799,0
130.90001,852.22647,10.90828,21.30566,0,0,2.66026,0
131,852.30172,10.91672,21.30754,0,0,2.6629,0
131.1,852.0063,10925,21.30016,0,0,2.66538,0
131.20002,851.86446,10.93281,21.29661,0,0,2.66807,0
131.3,852.01804,10.94203,21.30045,0,0,2.67065,0
131.40002,851.9114,10.94969,21.29778,0,0,2.67318,0
131.5,851.96551,10.95875,21.29914,0,0,2.67571,0
131.6,851.68416,10.9664,21.2921,0,0,2.6781,0
131.70002,851.94595,10.97515,21.29865,0,0,2.68078,0
131.8,851.68891,10.98328,21.29222,0,0,2.68331,0
131.90002,851.76099,10.99109,21.29403,0,0,2.68582,0
132,851.72886,11.00031,21.29322,0,0,2.6886,0
132.1,851.55722,11.00812,21.28893,0,0,2.69107,0
132.20002,851.56038,11.01719,21.28901,0,0,2.69362,0
132.3,851.41305,11.02484,21.28533,0,0,2.69616,0
132.40002,851.45459,11.03375,21.28637,0,0,2.6988,0
132.5,851.52201,11.04156,21.28805,0,0,2.7013,0
132.6,851.38874,11.04984,21.28472,0,0,2.70405,0
132.70002,851.36993,11.05828,21.28425,0,0,2.70627,0
132.8,851.14269,11.0664,21.27857,0,0,2.70926,0
132.90002,851.05645,11.07547,21.27641,0,0,2.71177,0
133,851.18813,11.08265,21.2797,0,0,2.71421,0
133.1,851.17407,11.09234,21.27935,0,0,2.71678,0
133.20002,851.11996,11.09984,21278,0,0,2.71952,0
133.3,850.93975,11.10828,21.27349,0,0,2.7219,0
133.40002,850.72974,11.11656,21.26824,0,0,2.72455,0
133.5,850.91935,11.12484,21.27298,0,0,2.72705,0
133.6,850.75321,11.13375,21.26883,0,0,2.72955,0
133.70002,850.71791,11.14094,21.26795,0,0,2.73217,0
133.8,850.54869,11.15031,21.26372,0,0,2.73469,0
133.90002,850.72499,11.15812,21.26813,0,0,2.73748,0
134,850.78375,11.16703,21.26959,0,0,2.73998,0
134.1,850.21798,11.17484,21.25545,0,0,2.7423,0
134.20002,850.57216,11.18375,21.2643,0,0,2.74516,0
134.3,850.46245,11.19172,21.26156,0,0,2.74762,0
134.40002,850.51106,11.19937,21.26278,0,0,2.75026,0
134.5,850.24778,11.20859,21.2562,0,0,2.7528,0
134.6,850.29714,11.2164,21.25743,0,0,2.75532,0
134.70002,850.36457,11.22562,21.25911,0,0,2.75776,0
134.8,850.03776,11.23297,21.25094,0,0,2.76029,0
134.90002,850.02603,11.24203,21.25065,0,0,2.76307,0
135,849.81602,11.25015,21.2454,0,0,2.76567,0
135.1,849.99781,11.25797,21.24994,0,0,2.76826,0
135.20002,849.72586,11.26656,21.24315,0,0,2.77056,0
135.3,849.96875,11.27469,21.24922,0,0,2.77326,0
135.40002,849.82226,11.28359,21.24556,0,0,2.77589,0
135.5,849.61224,11.29125,21.24031,0,0,2.77821,0
135.6,849.71962,11.30015,21.24299,0,0,2.7809,0
135.70002,849.62714,11.30828,21.24068,0,0,2.78347,0
135.8,849.42337,11.31672,21.23558,0,0,2.78609,0
135.90002,849.61224,11.32484,21.24031,0,0,2.78838,0
136,849.4853,11.33344,21.23713,0,0,2.79104,0
136.1,849.27678,11.34219,21.23192,0,0,2.79381,0
136.20002,849.1138,11.34953,21.22784,0,0,2.79625,0
136.3,849.45709,11.35859,21.23643,0,0,2.7988,0
136.40002,849.31208,11.36672,21.2328,0,0,2.80151,0
136.5,849.33639,11.37531,21.23341,0,0,2.80419,0
136.6,848.83953,11.38328,21.22099,0,0,2.80663,0
136.70002,848.97587,11.39172,21.2244,0,0,2.80921,0
136.8,848.85126,11.4,21.22128,0,0,2.81177,0
136.90002,849.11222,11.40797,21.22781,0,0,2.81443,0
137,849.03156,11.41656,21.22579,0,0,2.8168,0
137.1,848.92102,11.42469,21.22303,0,0,2.81945,0
137.20002,848.7259,11.4339,21.21815,0,0,2.82233,0
137.3,848.70243,11.44141,21.21756,0,0,2.82437,0
137.40002,848.80665,11.45015,21.22017,0,0,2.82744,0
137.5,848.63575,11.45812,21.21589,0,0,2.82987,0
137.6,848.80898,11.4664,21.22022,0,0,2.83271,0
137.70002,848.67971,11475,21.21699,0,0,2.83527,0
137.8,848.49708,11.48297,21.21243,0,0,2.83761,0
137.90002,848.47361,11.49234,21.21184,0,0,2.84003,0
138,848.27216,11.49984,21.2068,0,0,2.84287,0
138.1,848.33959,11.50875,21.20849,0,0,2.84551,0
138.20002,848.25419,11.51656,21.20635,0,0,2.84781,0
138.3,848.28474,11.52515,21.20712,0,0,2.85093,0
138.40002,848.29023,11.53328,21.20726,0,0,2.85318,0
138.5,848.08487,11.54172,21.20212,0,0,2.85618,0
138.6,847.9815,11.55,21.19954,0,0,2.85838,0
138.70002,847.90383,11.55781,21.1976,0,0,2.86096,0
138.8,847.94937,11.56719,21.19873,0,0,2.86366,0
138.90002,847.75109,11.57469,21.19378,0,0,2.86613,0
139,848.10453,11.58375,21.20261,0,0,2.86899,0
139.1,847.59435,11.59156,21.18986,0,0,2.87138,0
139.20002,847.80594,11.60015,21.19515,0,0,2.87403,0
139.3,847.77223,11.60812,21.19431,0,0,2.87651,0
139.40002,847.72203,11.61609,21.19305,0,0,2.87908,0
139.5,847.38592,11.62515,21.18465,0,0,2.88176,0
139.6,847.35062,11.63297,21.18377,0,0,2.88443,0
139.70002,847.50811,11.64219,21.1877,0,0,2.88706,0
139.8,847.14135,11.64984,21.17853,0,0,2.88949,0
139.90002,847.39923,11.65875,21.18498,0,0,2.89224,0
140,847.14293,11.66656,21.17857,0,0,2.8947,0
140.1,847.0254,11.67484,21.17563,0,0,2.89745,0
140.20002,847.24715,11.68328,21.18118,0,0,2.89985,0
140.3,847.14219,11.69156,21.17855,0,0,2.90276,0
140.40002,846.96272,11.70047,21.17407,0,0,2.90521,0
140.5,846.63825,11.70765,21.16596,0,0,2.9075,0
140.6,847.02075,11.71719,21.17552,0,0,2.91047,0
140.70002,846.84044,11.72484,21.17101,0,0,2.91291,0
140.8,846.53879,11.73328,21.16347,0,0,2.91579,0
140.90002,846.50423,11.74156,21.16261,0,0,2.91822,0
141,846.59597,11.74984,21.1649,0,0,2.92094,0
141.1,846.54344,11.75875,21.16359,0,0,2.92338,0
141.20002,846.34908,11.76594,21.15873,0,0,2.92602,0
141.3,846.5725,11.77531,21.16431,0,0,2.92867,0
141.40002,846.35932,11.78312,21.15898,0,0,2.93122,0
141.5,846.55518,11.79203,21.16388,0,0,2.93391,0
141.6,846.33343,11.8,21.15834,0,0,2.9365,0
141.70002,846.22605,11.80875,21.15565,0,0,2.93907,0
141.8,846.20025,11.81687,21.15501,0,0,2.94166,0
141.90002,845.94237,11.82437,21.14856,0,0,2.94415,0
142,845.93613,11.83359,21.1484,0,0,2.94685,0
142.1,845.87662,11.8414,21.14692,0,0,2.94948,0
142.20002,845.94162,11.85062,21.14854,0,0,2.95234,0
142.3,845.71904,11.85797,21.14298,0,0,2.95474,0
142.40002,845.8633,11.86703,21.14658,0,0,2.95728,0
142.5,845.4565,11875,21.13641,0,0,2.9599,0
142.6,845.70106,11.88297,21.14253,0,0,2.96258,0
142.70002,845.45892,11.89172,21.13647,0,0,2.96496,0
142.8,845.48397,11.89984,21.1371,0,0,2.96747,0
142.90002,845.31391,11.90859,21.13285,0,0,2.97014,0
143,845.28178,11.91625,21.13204,0,0,2.97276,0
143.1,845.33896,11.92515,21.13347,0,0,2.97513,0
143.20002,845.31941,11.93312,21.13299,0,0,2.97808,0
143.3,845.42911,11.94172,21.13573,0,0,2.98074,0
143.40002,845.09999,11.94984,21.1275,0,0,2.98305,0
143.5,845.05137,11.95844,21.12628,0,0,2.98584,0
143.6,845.03498,11.96703,21.12587,0,0,2.98836,0
143.70002,844.77635,11.97453,21.11941,0,0,2.99072,0
143.8,844.85468,11.98359,21.12137,0,0,2.99358,0
143.90002,844.88373,11.99172,21.12209,0,0,2.99611,0
144,844.99735,12.00031,21.12493,0,0,2.9988,0
144.1,844.56867,12.00828,21.11422,0,0,3.00112,0
144.20002,844.62976,12.01672,21.11574,0,0,3.00393,0
144.3,844.57807,12025,21.11445,0,0,3.00655,0
144.40002,844.46603,12.03297,21.11165,0,0,3.00901,0
144.5,844.34059,12.04156,21.10851,0,0,3.01161,0
144.6,844.37821,12.04984,21.10946,0,0,3.01427,0
144.70002,844.43623,12.0589,21.11091,0,0,3.01702,0
144.8,844.09611,12.06625,21.1024,0,0,3.01923,0
144.90002,844.19874,12.07531,21.10497,0,0,3.02202,0
145,843.98407,12.08312,21.0996,0,0,3.02442,0
145.1,843.99031,12.0914,21.09976,0,0,3.02714,0
145.20002,843.91981,12.1,21098,0,0,3.02979,0
145.3,843.98799,12.10797,21.0997,0,0,3.03225,0
145.40002,843.6949,12.11734,21.09237,0,0,3.03519,0
145.5,843.8712,12.12484,21.09678,0,0,3.0377,0
145.6,843.75292,12.13375,21.09382,0,0,3.04022,0
145.70002,843.66985,12.14156,21.09175,0,0,3.04278,0
145.8,843.68391,12.15015,21.0921,0,0,3.04559,0
145.90002,843.3681,12.15828,21.0842,0,0,3.04795,0
146,843459,12.16672,21.08648,0,0,3.05055,0
146.1,843.34929,12175,21.08373,0,0,3.05112,0
146.20002,843.19962,12.18265,21.07999,0,0,3.05354,0
146.3,843.25373,12.19219,21.08134,0,0,3.05691,0
146.40002,843.10407,12.19969,21.0776,0,0,3.05887,0
146.5,843.13219,12.20875,21.0783,0,0,3.06156,0
146.6,842.87757,12.21656,21.07194,0,0,3.06437,0
146.70002,843.0562,12.22515,21.0764,0,0,3.06709,0
146.8,842.87208,12.23328,21.0718,0,0,3.06946,0
146.90002,843.01941,12.24109,21.07549,0,0,3.07218,0
147,842.99743,12.25015,21.07494,0,0,3.07501,0
147.1,842.67305,12.25812,21.06683,0,0,3.07764,0
147.20002,842.50215,12.26719,21.06255,0,0,3.08017,0
147.3,842.69419,12.27484,21.06735,0,0,3.0825,0
147.40002,842.51547,12.28375,21.06289,0,0,3.08575,0
147.5,842.48101,12.2914,21.06203,0,0,3.08808,0
147.6,842.5829,12.29984,21.06457,0,0,3.09085,0
147.70002,842.3619,12.30828,21.05905,0,0,3.09321,0
147.8,842.52488,12.31641,21.06312,0,0,3.09617,0
147.90002,842.33684,12.32547,21.05842,0,0,3.0986,0
148,842.07114,12.33265,21.05178,0,0,3.1011,0
148.1,842.15505,12.34219,21.05388,0,0,3.10393,0
148.20002,842.20599,12.34984,21.05515,0,0,3.10654,0
148.3,842.07663,12.35828,21.05192,0,0,3.10945,0
148.40002,842.03752,12.36672,21.05094,0,0,3.1117,0
148.5,842.09936,12.37484,21.05248,0,0,3.11471,0
148.6,841.68408,12.38375,21.0421,0,0,3.11707,0
148.70002,841.67151,12.39094,21.04179,0,0,3.11973,0
148.8,841.83607,12.40031,21.0459,0,0,3.12245,0
148.90002,841.79221,12.40812,21.04481,0,0,3.12508,0
149,841.64329,12.41703,21.04108,0,0,3.1278,0
149.1,841.32832,12.42484,21.03321,0,0,3.13027,0
149.20002,841.58843,12.43375,21.03971,0,0,3.13316,0
149.3,841.24831,12.44187,21.03121,0,0,3.1358,0
149.40002,841.41055,12.44953,21.03526,0,0,3.13836,0
149.5,841.21702,12.45859,21.03043,0,0,3.14107,0
149.6,841.24915,12.4664,21.03123,0,0,3.14382,0
149.70002,841.26163,12.47562,21.03154,0,0,3.14631,0
149.8,840.86042,12.48297,21.02151,0,0,3.14889,0
149.90002,841.11122,12.49187,21.02778,0,0,3.15183,0
150,840.93884,12.5,21.02347,0,0,3.15419,0
150.1,840.96938,12.50797,21.02423,0,0,3.1569,0
150.20002,840.73041,12.51656,21.01826,0,0,3.15948,0
150.3,840.88705,12.52484,21.02218,0,0,3.16221,0
150.40002,840.80482,12.53359,21.02012,0,0,3.16485,0
150.5,840.36049,12.54125,21.00901,0,0,3.16767,0
150.6,840.66689,12.55031,21.01667,0,0,3.17015,0
150.70002,840.63793,12.55828,21.01595,0,0,3.17293,0
150.8,840.47569,12.56672,21.01189,0,0,3.1757,0
150.90002,840.20449,12.57484,21.00511,0,0,3.17801,0
151,840.22023,12.58344,21.00551,0,0,3.18097,0
151.1,840.31578,12.59219,21.00789,0,0,3.18343,0
151.20002,840.12384,12.59953,21.0031,0,0,3186,0
151.3,840.10419,12.60844,21.00261,0,0,3.18882,0
151.40002,840.14572,12.61656,21.00364,0,0,3.19141,0
151.5,840.07606,12.62531,21.0019,0,0,3.19402,0
151.6,839.93496,12.63328,20.99837,0,0,3.1966,0
151.70002,839.97808,12.64172,20.99945,0,0,3.19947,0
151.8,839.82293,12.65,20.99557,0,0,3.20202,0
151.90002,839.60583,12.65797,20.99015,0,0,3.20464,0
152,839605,12.6664,20.99013,0,0,3.20731,0
152.1,839.68267,12.67469,20.99207,0,0,3.20979,0
152.20002,839.69356,12.6839,20.99234,0,0,3.21259,0
152.3,839.37151,12.69141,20.98429,0,0,3.21489,0
152.40002,839.29943,12.70031,20.98248,0,0,3.21774,0
152.5,839.2767,12.70812,20.98192,0,0,3.22028,0
152.6,839.40206,12.7164,20.98505,0,0,3.22272,0
152.70002,839.27829,12725,20.98196,0,0,3.22566,0
152.8,839.34329,12.73297,20.98358,0,0,3.22829,0
152.90002,838.84494,12.74219,20.97112,0,0,3.23105,0
153,838.97579,12.74984,20.9744,0,0,3.23358,0
153.1,839.1262,12.75875,20.97816,0,0,3.23614,0
153.20002,838.66389,12.76656,20.9666,0,0,3.23916,0
153.3,838.96946,12.77516,20.97424,0,0,3.24213,0
153.40002,838.83079,12.78328,20.97077,0,0,3.24415,0
153.5,838.69519,12.79172,20.96738,0,0,3.24701,0
153.6,838.40918,12.8,20.96023,0,0,3.24938,0
153.70002,838.40368,12.80765,20.96009,0,0,3.25218,0
153.8,838.70385,12.81719,20.9676,0,0,3.25491,0
153.90002,838.43824,12.82469,20.96096,0,0,3.25751,0
154,838.35432,12.83375,20.95886,0,0,3.26011,0
154.1,838.13183,12.84156,20.9533,0,0,3.26269,0
154.20002,838.34026,12.85015,20.95851,0,0,3.26553,0
154.3,838.07223,12.85828,20.95181,0,0,3.26799,0
154.40002,838.06673,12.86594,20.95167,0,0,3.27057,0
154.5,837.94603,12.87515,20.94865,0,0,3.27338,0
154.6,838.05658,12.88312,20.95141,0,0,3.27609,0
154.70002,837.94445,12.89219,20.94861,0,0,3.27859,0
154.8,837.57536,12.89984,20.93938,0,0,3.28118,0
154.90002,838.05267,12.9089,20.95132,0,0,3.28417,0
155,837.57071,12.91656,20.93927,0,0,3.2867,0
155.1,837.6318,12.92484,20.9408,0,0,3.28942,0
155.20002,837.48996,12.93328,20.93725,0,0,3292,0
155.3,837.37792,12.9414,20.93445,0,0,3.29449,0
155.40002,837.24707,12.95047,20.93118,0,0,3.29732,0
155.5,837.09266,12.95765,20.92732,0,0,3.29984,0
155.6,837.22193,12.96719,20.93055,0,0,3.30268,0
155.70002,837.24465,12.97484,20.93112,0,0,3.30536,0
155.8,837.08251,12.98328,20.92706,0,0,3.30799,0
155.90002,837.08093,12.99156,20.92702,0,0,3.3104,0
156,836.91953,12.99984,20.92299,0,0,3.31327,0
156.1,836.83096,13.00875,20.92077,0,0,3.31585,0
156.20002,836.77135,13.01594,20.91928,0,0,3.31835,0
156.3,836.57941,13.02531,20.91449,0,0,3.32118,0
156.40002,836.58248,13.03312,20.91456,0,0,3.32378,0
156.5,836.47128,13.04203,20.91178,0,0,3.32686,0
156.6,836.2134,13.04984,20.90533,0,0,3.32913,0
156.70002,836.51124,13.05875,20.91278,0,0,3.33182,0
156.8,836.14606,13.06687,20.90365,0,0,3.33461,0
156.90002,836.20949,13.07453,20.90524,0,0,3.33707,0
157,836.12176,13.08359,20.90304,0,0,3.33982,0
157.1,836.05982,13.0914,20.90149,0,0,3.3424,0
157.20002,835.85056,13.10047,20.89626,0,0,3.34519,0
157.3,835.75575,13.10797,20.89389,0,0,3.34774,0
157.40002,836.00571,13.11687,20.90014,0,0,3.3504,0
157.5,835.82234,13125,20.89556,0,0,3.35305,0
157.6,835.81377,13.13281,20.89534,0,0,3.35573,0
157.70002,835.63821,13.14172,20.89095,0,0,3.35846,0
157.8,835.43286,13.14984,20.88582,0,0,3.36111,0
157.90002,835.3279,13.15875,20.8832,0,0,3.36378,0
158,835.20254,13.16625,20.88006,0,0,3.36622,0
158.1,835.29893,13.17515,20.88247,0,0,3.36904,0
158.20002,835.16492,13.18312,20.87912,0,0,3.37171,0
158.3,835.20254,13.19172,20.88006,0,0,3.3746,0
158.40002,835.08575,13.19984,20.87714,0,0,3.37698,0
158.5,835.20403,13.20844,20.8801,0,0,3.37966,0
158.6,834.80831,13.21719,20.87021,0,0,3.38242,0
158.70002,834.90238,13.22453,20.87256,0,0,3.38503,0
158.8,834.76603,13.23359,20.86915,0,0,3.38766,0
158.90002,834.63201,13.24172,20.8658,0,0,3.39021,0
159,834.75504,13.25031,20.86888,0,0,3.39307,0
159.1,834.4071,13.25828,20.86018,0,0,3.39577,0
159.20002,834.60612,13.26672,20.86515,0,0,3.3985,0
159.3,834.4776,13275,20.86194,0,0,3.40087,0
159.40002,834.1657,13.28297,20.85414,0,0,3.40358,0
159.5,834.31546,13.29141,20.85789,0,0,3.40618,0
159.6,834.0694,13.29984,20.85173,0,0,3.40902,0
159.70002,834.12891,13.3089,20.85322,0,0,3.41161,0
159.8,833.69324,13.31625,20.84233,0,0,3.41412,0
159.90002,834.02386,13.32531,20.8506,0,0,3.41689,0
160,833.81543,13.33312,20.84539,0,0,3.41961,0
160.1,833.73943,13.3414,20.84349,0,0,3.42248,0
160.20002,833.69873,13.35015,20.84247,0,0,3.42496,0
160.3,833.56779,13.35797,20.8392,0,0,3.42766,0
160.40002,833.40406,13.36734,20.8351,0,0,3.4303,0
160.5,833.4511,13.37484,20.83628,0,0,3.43277,0
160.6,833.43228,13.38375,20.83581,0,0,3.43554,0
160.70002,833.24648,13.39156,20.83116,0,0,3.43807,0
160.8,833.33822,13.4,20.83346,0,0,3.44088,0
160.90002,832.91344,13.40828,20.82284,0,0,3.44334,0
161.00002,833.07251,13.41672,20.82681,0,0,3.44615,0
161.1,832.79824,13425,20.81996,0,0,3.44889,0
161.20002,832.92993,13.43281,20.82325,0,0,3.4514,0
161.3,832.87042,13.44219,20.82176,0,0,3.45422,0
161.40002,832.84611,13.44969,20.82115,0,0,3.45682,0
161.50002,832.6102,13.45875,20.81525,0,0,3.45932,0
161.6,832.60471,13.46656,20.81512,0,0,3.46208,0
161.70002,832.64625,13.47515,20.81616,0,0,3.46492,0
161.8,832.35158,13.48328,20.80879,0,0,3.46722,0
161.90002,832.22548,13.49109,20.80564,0,0,3.47005,0
162.00002,832.38846,13.50016,20.80971,0,0,3.47123,0
162.1,832.20815,13.50812,20.8052,0,0,3.47237,0
162.20002,832.12433,13.51719,20.80311,0,0,3.47539,0
162.3,832.0068,13.52484,20.80017,0,0,3.47765,0
162.40002,832.02245,13.53375,20.80056,0,0,3.48129,0
162.50002,831.78664,13.54156,20.79467,0,0,3.48322,0
162.6,831.91358,13.54984,20.79784,0,0,3.48624,0
162.70002,831.73644,13.55828,20.79341,0,0,3.48867,0
162.8,831.78347,13.5664,20.79459,0,0,3.49162,0
162.90002,831.59301,13.57547,20.78983,0,0,3.4941,0
163.00002,831.36344,13.58265,20.78409,0,0,3.49658,0
163.1,831.57578,13.59219,20.78939,0,0,3.49944,0
163.20002,831.27879,13.59984,20.78197,0,0,3.50203,0
163.3,831.42845,13.60828,20.78571,0,0,3.50482,0
163.40002,831.10249,13.61656,20.77756,0,0,3.50721,0
163.50002,831.05778,13.62484,20.77645,0,0,3.51016,0
163.6,831.34538,13.63375,20.78363,0,0,3.51291,0
163.70002,830.95981,13.64094,20.77399,0,0,3.51544,0
163.8,831.1565,13.65031,20.77891,0,0,3.51804,0
163.90002,830.87757,13.65812,20.77194,0,0,3.52105,0
164.00002,830.73732,13.66703,20.76843,0,0,3.52368,0
164.1,830.5328,13675,20.76332,0,0,3.52594,0
164.20002,830.43398,13.68375,20.76085,0,0,3529,0
164.3,830.52963,13.69187,20.76324,0,0,3.53181,0
164.40002,830.40819,13.69953,20.7602,0,0,3.53435,0
164.50002,830.63385,13.70859,20.76585,0,0,3.53716,0
164.6,830.29605,13.7164,20.7574,0,0,3.53957,0
164.70002,830.24437,13.72562,20.75611,0,0,3.54252,0
164.8,829.91133,13.73297,20.74778,0,0,3.54492,0
164.90002,830.09787,13.74203,20.75245,0,0,3.54784,0
165.00002,830.07747,13.75,20.75194,0,0,3.55034,0
165.1,829.9889,13.75797,20.74972,0,0,3.55308,0
165.20002,829.84865,13.76656,20.74622,0,0,3.55583,0
165.3,829.55789,13.77469,20.73895,0,0,3.55865,0
165.40002,829.60725,13.78359,20.74018,0,0,3.56104,0
165.50002,829.51244,13.79125,20.73781,0,0,3.56368,0
165.6,829.45209,13.80015,20.7363,0,0,3.56642,0
165.70002,829.43095,13.80812,20.73577,0,0,3.56903,0
165.8,829.42937,13.81672,20.73573,0,0,3.5718,0
165.90002,829.05246,13.82484,20.72631,0,0,3.57465,0
166.00002,829.27654,13.83344,20.73191,0,0,3.57742,0
166.1,829.05246,13.84219,20.72631,0,0,3.58011,0
166.20002,828.78675,13.84953,20.71967,0,0,3.58288,0
166.3,828.92859,13.85844,20.72322,0,0,3.58561,0
166.40002,828.78051,13.86656,20.71951,0,0,3.58804,0
166.50002,828.72408,13.87531,20.7181,0,0,3.59095,0
166.6,828.47411,13.88328,20.71185,0,0,3.59336,0
166.70002,828.50466,13.89172,20.71262,0,0,3.59641,0
166.8,828.56035,13.9,20.71401,0,0,3.59889,0
166.90002,828.41376,13.90797,20.71034,0,0,3.6019,0
167.00002,828.47569,13.91656,20.71189,0,0,3.60435,0
167.1,828.13483,13.92484,20.70337,0,0,3.60709,0
167.20002,828.28291,13.9339,20.70707,0,0,3.6098,0
167.3,827.94987,13.9414,20.69875,0,0,3.61226,0
167.40002,828.17003,13.95031,20.70425,0,0,3.61531,0
167.50002,827.89185,13.95812,20.6973,0,0,3.61794,0
167.6,828.10419,13.96641,20.7026,0,0,3.62064,0
167.70002,827.79387,13975,20.69485,0,0,3.62305,0
167.8,827.71163,13.98297,20.69279,0,0,3626,0
167.90002,827.5439,13.99234,20.6886,0,0,3.62863,0
168.00002,827.50712,13.99984,20.68768,0,0,3.63141,0
168.1,827.48355,14.00875,20.68709,0,0,3.63439,0
168.20002,827.48355,14.01656,20.68709,0,0,3.63695,0
168.3,827.48197,14.02515,20.68705,0,0,3.63974,0
168.40002,827.26413,14.03328,20.6816,0,0,3.64254,0
168.50002,827.28378,14.04172,20.68209,0,0,3.64523,0
168.6,827.03847,14.05,20.67596,0,0,3.6478,0
168.70002,826.95857,14.05765,20.67396,0,0,3.65048,0
168.8,827.03223,14.06719,20.67581,0,0,3.65339,0
168.90002,826.86292,14.07469,20.67157,0,0,3.65606,0
169.00002,826.80257,14.08375,20.67006,0,0,3.65884,0
169.1,826.58865,14.0914,20.66472,0,0,3.6612,0
169.20002,826.55102,14.10015,20.66378,0,0,3.66419,0
169.3,826.32303,14.10828,20.65808,0,0,3.66669,0
169.40002,826.47735,14.11609,20.66193,0,0,3.66964,0
169.50002,826.39428,14.12531,20.65986,0,0,3.67232,0
169.6,826.09495,14.13312,20.65237,0,0,3.67505,0
169.70002,826.10985,14.14219,20.65275,0,0,3.67778,0
169.8,826.08871,14.15,20.65222,0,0,3.68049,0
169.90002,826.15605,14.15875,20.6539,0,0,3.68339,0
170.00002,825.88335,14.16656,20.64708,0,0,3.68569,0
170.1,826.03227,14.17484,20.65081,0,0,3.68879,0
170.20002,825.72429,14.18312,20.64311,0,0,3.6914,0
170.3,825.65146,14.19141,20.64129,0,0,3.69402,0
170.40002,825.68824,14.20047,20.64221,0,0,3.69679,0
170.50002,825.4163,14.20766,20.63541,0,0,3.69937,0
170.6,825.69765,14.21719,20.64244,0,0,3.70248,0
170.70002,825.56838,14.22484,20.63921,0,0,3.70498,0
170.8,825.34738,14.23328,20.63368,0,0,3.7078,0
170.90002,825.06603,14.24172,20.62665,0,0,3.71036,0
171.00002,825.24549,14.24984,20.63114,0,0,3.7132,0
171.1,824.75571,14.25859,20.61889,0,0,3.71598,0
171.20002,824.94924,14.26594,20.62373,0,0,3.71858,0
171.3,824.84037,14.27515,20.62101,0,0,3.72142,0
171.40002,824.80041,14.28312,20.62001,0,0,3.72419,0
171.50002,824.85992,14.29203,20.6215,0,0,3.72702,0
171.6,824.50807,14.29984,20.6127,0,0,3.72956,0
171.70002,824.6162,14.30859,20.6154,0,0,3.73242,0
171.8,824.55901,14.31672,20.61398,0,0,3.73517,0
171.90002,824.32702,14.32437,20.60818,0,0,3.73778,0
172.00002,824.17028,14.33359,20.60426,0,0,3.74052,0
172.1,824.07938,14.3414,20.60198,0,0,3.74325,0
172.20002,824.17661,14.35062,20.60442,0,0,3.74625,0
172.3,823.98066,14.35797,20.59952,0,0,3.74869,0
172.40002,824.08022,14.36687,20.60201,0,0,3.7516,0
172.50002,823.86546,14375,20.59664,0,0,3.75417,0
172.6,823.8459,14.38281,20.59615,0,0,3.75727,0
172.70002,823.60767,14.39156,20.59019,0,0,3.75985,0
172.8,823.62723,14.39969,20.59068,0,0,3.76274,0
172.90002,823.46266,14.40859,20.58657,0,0,3.76545,0
173.00002,823.19072,14.41625,20.57977,0,0,3.76796,0
173.1,823.2221,14.42516,20.58055,0,0,3.7708,0
173.20002,823.18215,14.43312,20.57955,0,0,3.77336,0
173.3,823.25106,14.44172,20.58128,0,0,3.77635,0
173.40002,823.05754,14.44984,20.57644,0,0,3.77891,0
173.50002,823.18448,14.45844,20.57961,0,0,3.78187,0
173.6,822.85618,14.46719,20.57141,0,0,3.78465,0
173.70002,822.83188,14.47453,20.5708,0,0,3.78713,0
173.8,822.63043,14.48343,20.56576,0,0,3.78998,0
173.90002,822.4667,14.49172,20.56167,0,0,3.79286,0
174.00002,822.5427,14.50031,20.56357,0,0,3.79549,0
174.1,822.41884,14.50828,20.56047,0,0,3.79825,0
174.20002,822.5129,14.51672,20.56282,0,0,3.80106,0
174.3,822.2919,14525,20.5573,0,0,3.80395,0
174.40002,822.28174,14.53297,20.55704,0,0,3.8066,0
174.50002,822.00356,14.5414,20.55009,0,0,3.80927,0
174.6,821.87271,14.54984,20.54682,0,0,3.81205,0
174.70002,822.20724,14.55906,20.55518,0,0,3.81492,0
174.8,821.33822,14.5664,20.53345,0,0,3.81741,0
174.90002,821.56546,14.57516,20.53914,0,0,3.82049,0
175.00002,821.58502,14.58312,20.53963,0,0,3.8231,0
175.1,821.68458,14.5914,20.54211,0,0,3826,0
175.20002,821.25049,14.6,20.53126,0,0,3.82862,0
175.3,821.40174,14.60797,20.53504,0,0,3.83128,0
175.40002,821.2802,14.61734,20.53201,0,0,3.83429,0
175.50002,821.21752,14.62484,20.53044,0,0,3.83687,0
175.6,821.04979,14.63375,20.52625,0,0,3.83954,0
175.70002,820.9425,14.64156,20.52356,0,0,3.8424,0
175.8,821.14078,14.65,20.52852,0,0,3.8454,0
175.90002,820.80457,14.65812,20.52011,0,0,3.84798,0
176.00002,820.65957,14.66672,20.51649,0,0,3.85084,0
176.1,820.42841,14675,20.51071,0,0,3.8535,0
176.20002,820.53104,14.68281,20.51328,0,0,3.85605,0
176.3,820.61803,14.69219,20.51545,0,0,3.85908,0
176.40002,820.29989,14.69969,20.5075,0,0,3.86186,0
176.50002,820.45188,14.70875,20.5113,0,0,3.86461,0
176.6,819.9363,14.71656,20.49841,0,0,3.86716,0
176.70002,820.22781,14.72515,20.5057,0,0,3.87013,0
176.8,819.76466,14.73328,20.49412,0,0,3.87276,0
176.90002,819.78114,14.74109,20.49453,0,0,3.87541,0
177.00002,819.78505,14.75015,20.49463,0,0,3.87817,0
177.1,819.48489,14.75812,20.48712,0,0,3.88089,0
177.20002,819.51702,14.76719,20.48792,0,0,3.88349,0
177.3,819.34929,14.77484,20.48373,0,0,3.88611,0
177.40002,819.41355,14.78391,20.48534,0,0,3.88929,0
177.50002,819.31017,14.79156,20.48275,0,0,3.89175,0
177.6,819.27255,14.79984,20.48181,0,0,3.89466,0
177.70002,818.98104,14.80828,20.47453,0,0,3.89741,0
177.8,819.02491,14.81641,20.47562,0,0,3.90018,0
177.90002,819.04838,14.82562,20.47621,0,0,3.9029,0
178.00002,818.70519,14.83281,20.46763,0,0,3.90547,0
178.1,818.55701,14.84219,20.46392,0,0,3.90845,0
178.20002,818.51948,14.84984,20.46299,0,0,3.91134,0
178.3,818.55161,14.85828,20.46379,0,0,3.91415,0
178.40002,818.16055,14.86656,20.45401,0,0,3.91672,0
178.50002,818.15114,14.87484,20.45378,0,0,3.9197,0
178.6,818.06416,14.88375,20.4516,0,0,3.9223,0
178.70002,818.07906,14.89094,20.45198,0,0,3.92502,0
178.8,818.0704,14.90031,20.45176,0,0,3.92799,0
178.90002,817.91598,14.90812,20.4479,0,0,3.9306,0
179.00002,817.84707,14.91703,20.44618,0,0,3.93365,0
179.1,817.47407,14925,20.43685,0,0,3.93632,0
179.20002,817.59552,14.93375,20.43989,0,0,3.93933,0
179.3,817.47957,14.94187,20.43699,0,0,3.94175,0
179.40002,817.30559,14.94937,20.43264,0,0,3.94475,0
179.50002,817.41689,14.95859,20.43542,0,0,3.9475,0
179.6,817.2703,14.9664,20.43176,0,0,3.95041,0
179.70002,817.18331,14.97562,20.42958,0,0,3.95334,0
179.8,816.83928,14.98297,20.42098,0,0,3.9558,0
179.90002,817.00701,14.99203,20.42517,0,0,3.9588,0
180.00002,816.79309,15,20.41983,0,0,3.96157,0
180.1,816.51798,15.00797,20.41295,0,0,3.96456,0
180.20002,816.37222,15.01656,20.40931,0,0,3.96709,0
180.3,816.42242,15.02484,20.41056,0,0,3.96985,0
180.40002,816.26019,15.03359,20.4065,0,0,3.97283,0
180.50002,816.01413,15.04125,20.40035,0,0,3.9755,0
180.6,816.14731,15.05015,20.40368,0,0,3.97835,0
180.70002,815.92556,15.05812,20.39814,0,0,3.9811,0
180.8,816.16612,15.06672,20.40415,0,0,3.98414,0
180.90002,815.62074,15.07484,20.39052,0,0,3.98676,0
181.00002,815.76332,15.08328,20.39408,0,0,3.98967,0
181.1,815.67718,15.09203,20.39193,0,0,3.99235,0
181.20002,815.48989,15.09953,20.38725,0,0,3.99535,0
181.3,815.2226,15.10859,20.38057,0,0,3.99811,0
181.40002,815.18348,15.11672,20.37959,0,0,4.00102,0
181.50002,815.15918,15.12531,20.37898,0,0,4.00405,0
181.6,814.89431,15.13328,20.37236,0,0,4.00657,0
181.70002,814.75871,15.14172,20.36897,0,0,4.00961,0
181.8,814.83629,15.15,20.37091,0,0,4.01233,0
181.90002,814.49309,15.15797,20.36233,0,0,4.01507,0
182.00002,814.54478,15.1664,20.36362,0,0,4.01795,0
182.1,814.35982,15.17484,20359,0,0,4.02082,0
182.20002,814.33086,15.18391,20.35827,0,0,4.02362,0
182.3,814.13332,15.1914,20.35333,0,0,4.02638,0
182.40002,814.24462,15.20016,20.35612,0,0,4.02942,0
182.50002,813.82543,15.20812,20.34564,0,0,4.03188,0
182.6,813.84731,15.2164,20.34618,0,0,4.03518,0
182.70002,813.86454,15.22515,20.34661,0,0,4.03772,0
182.8,813.73444,15.23297,20.34336,0,0,4.0406,0
182.90002,813.4665,15.24219,20.33666,0,0,4.04345,0
183.00002,813.42021,15.24984,20.3355,0,0,4.04616,0
183.1,813.18123,15.25875,20.32953,0,0,4.04908,0
183.20002,813.14752,15.26656,20.32869,0,0,4052,0
183.3,813.05346,15275,20.32634,0,0,4.05502,0
183.40002,813.02682,15.28328,20.32567,0,0,4.05748,0
183.50002,812.90072,15.29172,20.32252,0,0,4.06057,0
183.6,812.45713,15.3,20.31143,0,0,4.06323,0
183.70002,812284,15.30765,20.3071,0,0,4.06611,0
183.8,812.44307,15.31718,20.31108,0,0,4.06901,0
183.90002,812.29648,15.32469,20.30741,0,0,4.07189,0
184.00002,812.11468,15.33375,20.30287,0,0,4.07497,0
184.1,811.79654,15.34156,20.29491,0,0,4.07732,0
184.20002,811.88977,15.35015,20.29725,0,0,4.08068,0
184.3,811.60218,15.35828,20.29005,0,0,4.08318,0
184.40002,811.5951,15.36609,20.28988,0,0,4086,0
184.50002,811.59351,15.37515,20.28984,0,0,4.08901,0
184.6,811.38201,15.38312,20.28455,0,0,4.09185,0
184.70002,811.27537,15.39219,20.28189,0,0,4.0949,0
184.8,811.1571,15.39984,20.27893,0,0,4.09742,0
184.90002,811.13195,15.40875,20.2783,0,0,4.10065,0
185.00002,810.81856,15.41656,20.27046,0,0,4.10323,0
185.1,810.7041,15.42484,20.2676,0,0,4.10607,0
185.20002,810.72375,15.43328,20.26809,0,0,4.10879,0
185.3,810.46587,15.4414,20.26165,0,0,4.11178,0
185.40002,810.46745,15.45047,20.26169,0,0,4.11477,0
185.50002,810.2214,15.45765,20.25554,0,0,4.1175,0
185.6,810.22372,15.46719,20.25559,0,0,4.12045,0
185.70002,809.83741,15.47484,20.24594,0,0,4.12342,0
185.8,810.06233,15.48328,20.25156,0,0,4.12637,0
185.90002,809.81078,15.49172,20.24527,0,0,4.12928,0
186.00002,809.68542,15.49984,20.24214,0,0,4.13205,0
186.1,809.49729,15.50875,20.23743,0,0,4.13491,0
186.20002,809.31941,15.51594,20.23298,0,0,4.13751,0
186.3,809.33273,15.52516,20.23332,0,0,4.14078,0
186.40002,808.92285,15.53312,20.22307,0,0,4.14344,0
186.50002,808.89938,15.54203,20.22248,0,0,4.14658,0
186.6,808.52713,15.54984,20.21318,0,0,4.14927,0
186.70002,808.71284,15.55875,20.21782,0,0,4.15215,0
186.8,808.56793,15.56672,20.2142,0,0,4.15506,0
186.90002,808.64234,15.57437,20.21606,0,0,4.15797,0
187.00002,808.42134,15.58359,20.21053,0,0,4.16097,0
187.1,808.17686,15.5914,20.20442,0,0,4.16394,0
187.20002,808.01388,15.60062,20.20035,0,0,4.16677,0
187.3,807.63688,15.60797,20.19092,0,0,4.16955,0
187.40002,807.75451,15.61687,20.19386,0,0,4.17256,0
187.50002,807.31167,15625,20.18279,0,0,4.17517,0
187.6,807.27488,15.63281,20.18187,0,0,4.17839,0
187.70002,807.01392,15.64156,20.17535,0,0,4.18119,0
187.8,807.03823,15.64968,20.17595,0,0,4.18411,0
187.90002,806.73182,15.65859,20.16829,0,0,4.18689,0
188.00002,806.50374,15.66625,20.16259,0,0,4.18978,0
188.1,806.6237,15.67515,20.16559,0,0,4.19259,0
188.20002,806.28125,15.68312,20.15703,0,0,4.19553,0
188.3,806.0704,15.69172,20.15176,0,0,4.1988,0
188.40002,805.88395,15.69984,20.1471,0,0,4.20134,0
188.50002,805.70681,15.70843,20.14267,0,0,4.20451,0
188.6,805.40199,15.71718,20.13505,0,0,4.2075,0
188.70002,805.37219,15.72453,20.1343,0,0,4.21028,0
188.8,805.26955,15.73359,20.13174,0,0,4.21307,0
188.90002,805.07286,15.74156,20.12682,0,0,4.21602,0
189.00002,804.83463,15.75031,20.12086,0,0,4.21903,0
189.1,804.43965,15.75828,20.11099,0,0,4.22164,0
189.20002,804.5407,15.76672,20.11352,0,0,4.22489,0
189.3,804.10736,15775,20.10268,0,0,4.22753,0
189.40002,803.96002,15.78297,20099,0,0,4.23067,0
189.50002,803.87779,15.7914,20.09694,0,0,4.23353,0
189.6,803.51653,15.79984,20.08791,0,0,4.23651,0
189.70002,803.44519,15.8089,20.08613,0,0,4.23952,0
189.8,802.88565,15.8164,20.07214,0,0,4.24236,0
189.90002,803.11997,15.82531,20078,0,0,4.24545,0
190.00002,802.7995,15.83312,20.06999,0,0,4.24821,0
190.1,802.6083,15.8414,20.06521,0,0,4.25122,0
190.20002,802.24695,15.85,20.05617,0,0,4.25413,0
190.3,801.98208,15.85812,20.04955,0,0,4.25713,0
190.40002,801.94604,15.86734,20.04865,0,0,4.26012,0
190.50002,801.68508,15.87484,20.04213,0,0,4.26295,0
190.6,801.44294,15.88375,20.03607,0,0,4.26602,0
190.70002,801.22668,15.89156,20.03067,0,0,4.26899,0
190.8,800.84112,15.9,20.02103,0,0,4.27216,0
190.90002,800.89681,15.90828,20.02242,0,0,4.27466,0
191.00002,800.49401,15.91672,20.01235,0,0,4.27789,0
191.1,800.13117,15925,20.00328,0,0,4.28079,0
191.20002,799.86863,15.93281,19.99672,0,0,4.2837,0
191.3,799.6751,15.94218,19.99188,0,0,4.28701,0
191.40002,799.54024,15.94969,19.98851,0,0,4.28971,0
191.50002,799.30359,15.95875,19.98259,0,0,4.29292,0
191.6,798.69311,15.96656,19.96733,0,0,4.29564,0
191.70002,798.67747,15.97515,19.96694,0,0,4.29881,0
191.8,798.2065,15.98328,19.95516,0,0,4.30168,0
191.90002,798.08664,15.99093,19.95217,0,0,4.30463,0
192.00002,797.87504,16.00015,19.94688,0,0,4.30791,0
192.1,797.52319,16.00812,19.93808,0,0,4.31068,0
192.20002,797.24342,16.01718,19.93109,0,0,4.31371,0
192.3,796.76379,16.02484,19.91909,0,0,4.31667,0
192.40002,796.65408,16.03375,19.91635,0,0,4.3201,0
192.50002,796.03028,16.04156,19.90076,0,0,4.32286,0
192.6,795.76932,16.04984,19.89423,0,0,4.32619,0
192.70002,795.2733,16.05828,19.88183,0,0,4.32914,0
192.8,794.88615,16.0664,19.87215,0,0,4.33229,0
192.90002,794.35958,16.07547,19.85899,0,0,4.33507,0
193.00002,793.78597,16.08265,19.84465,0,0,4.33807,0
193.1,793.44111,16.09218,19.83603,0,0,4.3413,0
193.20002,792.74522,16.09984,19.81863,0,0,4.3444,0
193.3,791.87937,16.10828,19.79698,0,0,4.34768,0
193.40002,791.11764,16.11656,19.77794,0,0,4.35063,0
193.50002,790.18278,16.12484,19.75457,0,0,4.35386,0
193.6,789.0841,16.13375,19.7271,0,0,4.35697,0
193.70002,787.84041,16.14093,19.69601,0,0,4.36009,0
193.8,786.55519,16.15031,19.66388,0,0,4.3635,0
193.90002,784.71527,16.15812,19.61788,0,0,4.36666,0
194.00002,782.90896,16.16703,19.57272,0,0,4.37016,0
194.1,780.0071,16.17484,19.50018,0,0,4.37338,0
194.20002,776.81295,16.18375,19.42032,0,0,4.37732,0
194.3,771.9073,16.19172,19.29768,0,0,4.38058,0
194.40002,765.36778,16.19937,19.1342,0,0,4.38374,0
194.50002,753.16951,16.20875,18.82924,0,0,4.38583,0
194.56202,158.55494,16.21422,3.96387,0,0,4.92228,0
